USER,DATE,STAR,LIKE,TITLE,REVIEW
yslala3,2022-10-03 09:57:28-07:00,5,0,공부 모드,드라마 리뷰나 그런거 말고 공부 브이로그나 수면유도 영상 등 원하는 카테고리만 볼 수 있는 기능이 있으면 좋겠어요 매번 공부하려고 딴짓을 하지 않기 위해 삭제하지만 수면 유도 영상이 필요해 다시깔고 무한 반복 중이에요 메인화면 아랫바를 사용자가 원하눈대로 배치하면 좋겠어요 예를 들면 쇼츠같은 항목은 감추거나 처음 접속 했을 때 메인이 구독 화면 이라던지 그렇게요 저 말고도 많은 주변 친구들도 공감하는 부분이라 채택해주시면 좋겠어요 ㅠ
양아루,2022-10-03 06:49:23-07:00,2,0,전체화면 전환…,영상을 상단으로 끌어올리면 시계방향으로 전체화면으로 됐는데 10에 2~3번은 시계반대방향으로 돌아감…어서 수정하세요……
레아드,2022-10-03 02:22:19-07:00,1,0,무한 버퍼링,"패드 에서만 패치후 무한 버퍼링걸리는 데…. 
네트워크문제는 아님 …

패치가 개떡같이 되서 그런가본데 잘좀 하자"
ap019,2022-10-03 02:08:38-07:00,5,0,아이폰 유튜브 pip 사라졌나요,제발 되게해주세요 ..
새로오신,2022-10-03 00:24:00-07:00,5,0,광고가 안나오게 하는 특수기술 맞는지?,"일반사용자는 영상 볼때
광고가2개 정도 보다가,광고 넘기기 합니다.
그런데 말입니다.
영상을 볼때 스와이프로 아래 이동시키고
위에 썸네일창을 오래 누르고 있으면 
신고창이 뜨는데 광고볼때 
신고창을 3번정도 켰다 껏다 하고 재생영상을 닫고 다시 영상을 열면 광고가 안뜨는데 이거 특수기술 인가요?"
치하야2,2022-10-02 22:47:58-07:00,1,0,댓글 나만 안써짐?,나만 댓글 안써지나? 유투브 앱 짜증나네
화니화니87,2022-10-02 21:51:01-07:00,5,0,요즘 타 OTT도 실망이 많고,"요즘 타 OTT도 실망이 많고… 예전엔 다 챙겨 봤는데
이젠 뭐 봐도 그만 안봐도 그만이고… 해당 ott에 있는 작품들 다 챙겨 보는것도 아니고
그냥 유튜브 프리미엄 결제하고 
리뷰나 분석영상, 줄거리,영화 드라마 스포일러리뷰만 봐도 충분할거 같다.
예능도 가끔 보면 실시간으로 나오고 짤막하게 보는 재미도 있고 .. 국내랑 세계 여러나라 둘러보는 영상도 있고
내셔널이니 뭐니 아무튼 뭐든간에 짧고 연예인들 개인들 채널도 많고 그거 보는 재미도 있고

아무튼 유튜브만 봐도 충분하다."
m1nse0,2022-10-02 09:18:07-07:00,2,0,요즘 오류가 좀 심하네요,툭하면 영상 블랙화면 돼서 다시 재생해야 되고… 화면도 겹쳐지고… 어떠한 기능을 추가하기 보다 오류 먼저 고쳐야 한다고 생각해요
ybiyyy,2022-10-02 07:17:34-07:00,2,0,유튜브 재생이 안돼요,앙아ㅏ아아아아아 재생이안돼서 아무것도 못보겠잔하아아
그래 나 신통 좋아한다!!,2022-10-02 07:01:05-07:00,3,0,개선이 필요한 부분,"없으면 안되는 동영상 플랫폼으로 잘 쓰고 있습니다 하지만 동영상이 자주 끊키고 화질도 낮아지고 쇼츠에서도 혐오스럽고 보기 싫은 동영상의 검열이 제대로 되고 있지 않습니다 이 부분을 집중적으로 개선해주세요
I'm using it as a video platform that I can't live without However, the video is often disconnected, the image quality is low, and the censorship of hateful and unwanted videos is not working properly in shorts Please focus on improving this part"
앙듀투와,2022-10-02 05:27:48-07:00,1,0,로딩 너무 심해요,영상 시작 로딩 너무 기네요
"너너나나,나나나나나ㅏ맙",2022-10-02 04:58:23-07:00,1,0,이 섀끼,ㅛㅛㅛ
해피해피 ♥,2022-10-02 04:41:05-07:00,5,0,좋아요 ❤️,좋아요❤️❤️
별명이 중요한게 아니잖아,2022-10-02 04:35:48-07:00,1,0,유튜브 소리가 나왔다가 안나왔다 해요 ...,핸드폰 자체 문제인가 했는데 서비스센터 가도 하드웨어는 정상이라고 하는데 아무리 소리를 크게 키워도 유튜브‘만’ 소리가 날 때 있고 안날때 있네요 ... 저같은 분 있으신가요 ...
소 떼,2022-10-02 02:07:15-07:00,1,0,중독성이 너무 강함,유튜브 때문에 일상생활이 어려워요.
로블 최고당 !!!!!!!!,2022-10-02 01:02:20-07:00,3,0,?,아니 유튜브 까를라느깐 안 깔아짐
tldnalsgus,2022-10-02 00:55:24-07:00,1,0,로딩,아이폰 13인데 어느순간부터 로딩이 진짜 너무 길어지고 영상 화질도 다운됨; 돈 주고 프리미엄 쓰는 이유를 모르겠음 개빡쳐
사람람하,2022-10-02 00:06:43-07:00,1,0,왜 동영상 업로드 안 돼나요?,영상이 있는데 없다고 나와요….. 그게 뭐죠?
릴재,2022-10-01 17:30:35-07:00,3,0,프리미엄 요금제,유투브 뮤직만 사용하는 요금제로 쓰다가 유투브 백그라운드까지 재생되는 요금제로 바꿨는데 적용이 안 되네요 어떻게 해야 되나요
허세금지,2022-10-01 09:46:46-07:00,2,0,관심없음을 눌러도,"비슷한 영상 계속 뜨는거 까지야
알고리즘의 한계인가 보다 하겠는데
해당영상 자체가 다시뜨고 심지어
채널추천안함을 눌렀는데도 계속
뜨게할거면 해당기능은 왜 만들어
놓은건가요?!"
fhsjdkdlld,2022-10-01 09:41:00-07:00,1,1,볼때마다 가끔 화면이 까맣게 안나온다,좀 고쳐라 씨1발들아
m_cococo,2022-10-01 06:52:30-07:00,5,0,프리미엄 결제 취소 하려면 어떻게 해야하나요?,프리미엄 결제 취소 요청합니다
경리고,2022-10-01 06:28:18-07:00,2,0,요즘 유튜브 쓸데없이 개선한다,"영상 하단바에 기능들 추가한건 좋은데
오래된 영상 순 없어진것도 불편하고
그렇게 보면 막상 하단바도 화면 나가서 하면
되는데 편리하게 해주는건 좋은데 있을건 있어야쥬
숏츠에 구독한사람들 것만 볼수있는거 좋긴 한데
틱톡 따라갈려고 하는거 같은디
애초에 틱톡 보고 따라해서 숏츠 만든거 아님?"
byeolddongbyeol,2022-10-01 06:24:39-07:00,1,0,세로영상이 노치에 가려요,아이폰11 사용중인데 업데이트 후 갑자기 세로영상 볼때 노치부분에 영상이 걸려서 너무 불편합니다
똘이09,2022-10-01 02:01:05-07:00,5,0,재미있는 유투브,너무 재미있는 동영상만 있어용
제발 광고...,2022-10-01 00:24:24-07:00,5,0,알람 묶어서 표시하는 기능 없앨 수 있는 옵션 좀 주세요,알람이 채널 단위로 묶여 올라오니까 실시간 방송 후 비공개로 전환하는 채널의 경우 편집본마저 놓치게 되는 경우가 자주 생깁니다. 간략하게 볼 수 있다는 점에서는 편하지만 꼭 보고싶은 알람마저 묻히게 되어 불편합니다. 해당 기능을 선택할 수 있게 되었으면 좋겠네요.
고질리아ㅏㅏ,2022-09-30 21:45:44-07:00,5,0,유튜브,내가 좋아하는 사람들을 볼수있어서 좋아요 !! 👍🏻👍🏻
뎌져저욜,2022-09-30 18:53:10-07:00,5,0,광고,광고 좀 적당히 달으세요
콩파이브,2022-09-30 17:23:09-07:00,3,0,다 좋은데 숏츠 영상이 문제예요,아이가 숏츠를 즐겨보는데 아이가 보기 적절치 못한 영상들이 너무 많네요…
ㅋㅉㅂㄴㄴㅍ,2022-09-30 17:18:24-07:00,5,0,유튜브 굿,유튜브 없으면 안되
신공공,2022-09-30 13:11:36-07:00,3,0,아니 또 쇼츠 영상바는 또 왜 없앰?,왜 맨날 줬다 뺏다 해요;; 쇼츠 영상 볼때 필요한 부분만 딱 보거나 할때 좋았는데 또 없어졌네
djjbgh,2022-09-30 10:33:08-07:00,5,0,굳굳,굳
rmtmrm,2022-09-30 09:11:58-07:00,5,0,카페인 과다충전…?,ㅎㅎ
김내진,2022-09-30 06:57:41-07:00,1,0,영상 오래된 순 다시 내놓으세요 ㅠㅠㅠ,영상 오래된 순으로 볼 수 있게 해주세요 제발 진짜 ㅡㅡ 아오
여리러,2022-09-30 04:34:22-07:00,5,0,ㅁ,겜브림좋아
서유닙니다,2022-09-30 02:47:21-07:00,5,0,설명귀여웡,커피는쪼금만머거용
호소해라,2022-09-30 00:15:34-07:00,5,0,늘잘보지만 법안발휘될시 일어날피해는 상상이상이다.,테스트겸 하루만 720p로 내려주시면 안될까요? 모든 사람이 알수있도록 해주세요
키끽키킥,2022-09-29 23:58:56-07:00,5,0,좋아요,"좋:좋아요
아:아주 좋아요
요:(욕)욕할만큼 좋아요"
Lauriply,2022-09-29 16:59:25-07:00,1,0,Bla,"Phone rotation isn’t rotating the video anymore, hiding the dislike button so people can’t ascertain the quality or safety of a video, tons of features no one wants and bugs they want even less. It would be truly great if YouTube had a competitor."
FTHT333,2022-09-29 10:34:25-07:00,5,0,아이폰 ‘더 큰 텍스트’(화면 확대) 설정 시 영상 확대 불가,해당 모드를 사용하고 있으면 유튜브 화면 확대가 안 됩니다ㅠㅠ 빠른 개선을 절실히 요청합니다
셰도우프레디,2022-09-29 09:03:46-07:00,5,0,Nice,This web is very good and entertaining but Only thing I don’t like is it doesn’t support China
즐거운 봉황,2022-09-29 07:19:18-07:00,5,0,유투브  최고~~🍀🌸🌼,"아주  재밋고  유익한 정보가 넘치는군요~
열심히  많은 동영상  올려주세요~
🍀🌸🌼🌈🌺😍"
PJSNL,2022-09-29 05:24:22-07:00,1,0,오래된 순 좀..,오래된 순은 도대체 언제 복구해줄 건가요.? 유튜브 업뎃때마다 오히려 퇴행을 해서 도대체가 뭐가 개선이 됐단건지 모르겠네요.
좋아요!!!!!!!!!!!!!😊,2022-09-29 03:28:29-07:00,5,0,유튜브 검색결과가 이상해요,유튜브 검색결과가 이상해요 제가 검색하지도 않았고 그 #눌러서 기록남는것도 안했는데 막 결과가 떠요  검색해서 뜨는 결과는 옆에 시간 그림? 있잖아요 근데 그거도 아니고 그냥 돋보기 표시로 뜨고 검색결과가 이상해요
공릉동얼짱,2022-09-28 23:23:26-07:00,1,0,노무현은 살아있다,내 옆에있다
good튭,2022-09-28 21:54:42-07:00,5,0,Good,Good
비처언,2022-09-28 20:16:35-07:00,3,0,광고 보지않을 자유,"광고를 실는건 이해 할수 있습니다
다만 건너뛰기를 초반부터 주어
시청자가 광고를 안보고 싶어할경우 광고를 넘어갈수 있었으면 합니다"
petiteunicorn,2022-09-28 18:10:01-07:00,5,0,앱열기 연결,카카오톡 등 다른 어플에서 유투브 링크 접속후 상단에 뜨는 앱열기가 실행이 되지 않습니다. 앱열기를 실행하면 계속 앱스토어로 연결이 되는데 이 부분 반드시 업데이트 부탁드립니다.
이게무ㅜ여ㅡㅡ,2022-09-28 16:23:57-07:00,3,0,홈화면 나갔다가 오면 영상이 멈춰있음,"홈화면 나갔다가 오면 영상이 멈춰있음
한참을 나갔다가 온것도 아니고 5분도 안됐는데
다시들어가면 어플자체가 멈춰서 아무것도 안 되다가 튕김 원래는 영상만 일시정지 되어있어서 
이어서 볼수 있었음 
최근에 유튜브 업데이트 했는데 그 이후 발생되는
문제 같은데 빨리 패치 부탁드려요 
백그라운드 리프레쉬쪽을 건드신건가요 ??"
토리라이,2022-09-28 15:45:41-07:00,3,0,좋아요.,"좋은데 광고가 너무 많은것 같네요. 아직은 미성년자인데 쇼츠나 광고에서 부적절한 것들이 꽤 많이 나오고 있습니다. 나이를 확인하고 그에 맞는 추천영상을 올리는건 어떨까요?

저번에 올린거에 다시 씁니다. 업데이트를 했는데 딱히 달라진걸 못느끼겠어요. 제발 쇼츠 고쳐주세여"
bbbiinn,2022-09-28 12:12:36-07:00,5,0,이중결제가 되었습니다.,"2022년 9월 21일 17:12 결제 
2022년 9월 29일 03:58 결제

애플상에 결제 카드가 두 개인데
그 두개로 다 결제가 되었으니
한 개는 취소해주세요."
띠로리리리,2022-09-28 11:32:38-07:00,5,0,중독됨,벗어날수가 없음
무신사 일 안하냐 ㅡㅡ,2022-09-28 08:04:29-07:00,1,0,ㅗ,너 때매 안 읽자나여
userfromidntrember,2022-09-28 06:26:25-07:00,5,0,당신들에게 우리는 무엇인가요?,몇 초씩 점점 늘어나는 광고는 마치 소리없는 프리미엄 결제 강요 같습니다. 소비한 돈의 양에 따라 서비스가 달라야한다는 당신들의 장사를 알지만 부디 다시 돌아와주세요
송아녜스,2022-09-28 06:04:13-07:00,5,0,변화,프리미엄 신청 후 모든 방송 매체를 유튜브로 대체했습니다
ㄱㄹ토,2022-09-28 05:07:00-07:00,5,0,프리미엄 환불 해주세요ㅠ,한 계정으로 두 번 결제 됐습니다 ㅜ
차쿠미,2022-09-28 04:45:50-07:00,5,0,독일어 -> 한국어 번역 기능 추가해주세요.,연어 -> 한국어 번역기능 아주 잘 쓰고 있습니다. 독일어 영어 번역만 되고 독일어 한국어 번역도 가능하면 추가했으면 합니다. 독일어를 영어로 번역한걸 다시 한국어로 번역이라도 제공되면 괜찮을듯 합니다. 그리고 원하는 번역 언어 설정하면 고정해서 계속 사용할 수 있는 기능도 생겼으면 합니다. 매번 사용할 때 마다 언어 선택 클릭이 불편해서 개선 됐으면 합니다.
중국산핵쟁이,2022-09-28 03:51:00-07:00,5,0,개꿀잼,너무 재미있음
참이슬픈날,2022-09-27 21:27:29-07:00,1,0,광고 송출에 렉이걸림,광고 나오는거까진 인정 근데 송출에 렉도 걸려서 더 오랜시간을 소비해야됨 적어도 광고틀꺼면 쾌적한 환경에서 재생되야 한다고 생각함 lte데이터 환경에서 끊키는 기이한 현상이 있음
김유찬 피파장인 ㅋ,2022-09-27 19:56:45-07:00,5,0,좋아요,좋은 어플입니다
fu^ck you fc^cksbook,2022-09-27 13:51:34-07:00,1,0,유튜브개발자 ㅇㅁ뒤짐?,오래된순을 왜없애 어매 개터진련들아 적당히깝쳐야지 ㅋㅋㅋㅋ 뇌가없나 장애인들이 빨리 돌려놔라
유영혁화이팅,2022-09-27 12:24:25-07:00,3,0,구독 목록을 장르별 컨텐츠별로 나눠서 관리하고 싶습니다,구독해놓은 채널이 많은데 새 영상이 올라올때 구독영상 목록에 노출되지도 않고 폴더별로 묶어서 관리하면 보기도 편하고 놓치는 영상 없이 다 볼 수 있을거라고 생각합니다 제발 구독 목록 관리 목 땨좀 해 주시면좀 하게 해주십시오
사라콩,2022-09-27 10:44:03-07:00,1,0,아이패드,아이패드로 볼 때 광고 후에 왜 계속 작아지냐고요 며칠 째 괜찮아졌다가 또 그러고 사람 놀리는 것도 아니고
니드포월드유저,2022-09-27 09:22:35-07:00,1,0,없던 오류가 업데이트 후 생김.,재생 일시정지가 안먹네요
라이오히요히요,2022-09-27 07:49:21-07:00,1,0,ios16에서 화면 위에 너무 짤리는데,나만 이런가
벱베벱벱,2022-09-27 07:38:32-07:00,3,0,돋보기 기능좀 없애주세요,"매일 유튜브 보는데 계속 제가 검색하지 않은게 
검색되요 또 지울려고 해도 안지워지고 그렇다고 이 기능을 안하자니 제가 친 기록마저도 기록이 안되요 좀 수정해주세여"
뭉탱이유링게슝,2022-09-27 06:45:53-07:00,5,0,유튜브는 뭉탱이를 보기에 좋다,유링게슝하다
前钱浩豪,2022-09-27 06:03:25-07:00,1,0,영상 보려고 하면,"계속 꺼지는데, 왜 이러는 거에요?
기종은 아이패드 프로 4세대 12.9‘입니다."
unejun,2022-09-27 03:44:16-07:00,2,0,광고 진짜! !!!!!,"모바일로 볼때 광고 처음에 댓글창까지 왜 덮게 하는거며!!!!
15분도 넘는 광고가 자꾸 뜨는데 그게 무슨 광고입니까 거의 채널하나를 강제로 보게 하는거지 아무리 스킵기능이 있다해도 좀 아니지 않나요 !!!"
cbaa3211,2022-09-27 00:33:14-07:00,5,0,재미있습니다,재미있습니다
나이든 라이트 게이머 해돌,2022-09-26 23:38:43-07:00,5,0,내 생활에 활력소,다들 미쳐있는 유튜브 히익 나도 한번 마쳐본다 쿵쿵따리 짠짜 잔짠!!
논개짱,2022-09-26 20:57:10-07:00,3,0,이틀전 업데이트후 오류가 있는거 깉네요,"관심없음 채널추천안함 귀찮아도 열심히 눌렀었는데
갑자기다 초기화되서 마구잡이로 쏟아져나오고
귀찮아도 다시 관심없음 채널추천암함 눌러도
계속해서 다시나오네요????
광고 자꾸 늘어나는건 이해 하겠는데 그럴거면 기본적인거라도좀 질 관리해 줬음 하네요. 멀쩡하던게 아주짜증나서
지워버리고 싶네요"
줘팸천재,2022-09-26 20:40:41-07:00,5,0,뿡,뿡이
aquaelroy,2022-09-26 18:35:15-07:00,5,0,👍,🎀
ㅇ2ㅇ3,2022-09-26 16:25:01-07:00,2,0,프리미엄 결제했는데 왜 사용이 안되누 ㅠ,프리미엄 결제했는데 왜 사용이 안되누 ㅠ
애플 가격 좀 내려라...,2022-09-26 16:09:27-07:00,1,0,호환성,유튜브의 최근 호환되는 앱을 다운받았는데 안되네요.
krain818,2022-09-26 15:00:13-07:00,1,0,ios 16.1 업뎃 이후,에어팟 연결된 상태로 pip 모드 재생 시도하면 무한 로딩창 뜨면서 소리만 들려요.
😬ㅡ,2022-09-26 11:48:42-07:00,1,0,광고 줄여라,광고 너무 많아요…ㅜ^^
ㅂㅈㅈㄴㄷㄷ,2022-09-26 09:35:45-07:00,1,0,아이폰 유투브 튕김현상,"아이폰 업데이트하고 다른 어플들은 문제가 없는데 아이폰만 계속 툉기네요.
그럼 유튜브 측 문제 아닌가요? 빠르게 해결해주세요 제발 너무 불편합니다"
도대체 뭐가,2022-09-26 08:19:54-07:00,3,0,진짜 드러워서,좀 ㅆㅂ 숏츠 관리좀 해라 게으른새기들아
참새침낭,2022-09-26 08:16:05-07:00,2,0,ios16 업데이트 후 pip 오류,"ios16으로 업데이트 후 유튜브 pip 창에 진행바가 나타나지 않네요. 어느 정도 봤는지 확인하려면 다시 유튜브로 돌아가야 하고 pip창 진행바를 터치해서 이동도 못하고 불편합니다. 
게다가 전체화면이 왼쪽으로 갈 때도 오른쪽으로 갈 때도 있고 잔 버그가 많아요.
어플 업뎃 자주하는 건 알겠는데 언제 고쳐질지 모르겠어서 더 답답합니다."
ksh137,2022-09-26 07:32:01-07:00,2,0,와이파이연결시 로딩 겁나길어짐,와이파이연결하면 로딩길어짐. 와이파이끊으면 잘나옴. 사파리로 유튜브접속해서 보면 또 잘됨. 버전업하면서 뭔가 꼬인듯
Xianger2016,2022-09-26 06:41:02-07:00,1,0,어플 업그레이드 해주세요.,"오늘 YouTub 업데이트 후, 노래 한곡 듣고 어플 자동으로 끄지고 있습니다. 너무 너무 불편하네요."
만원;;,2022-09-26 04:58:15-07:00,5,0,유튜브 꺼짐현상,아이폰 13프로맥스 유저입니다. 다름이 아니라 ios16으로 업데이트 한 이후로 영상이 재생되다가 갑자기 화면이 나가지면서 어플이 닫힙니다. 어떻게 해결해야 되나요 ?
엘맂,2022-09-26 04:10:49-07:00,1,0,오류 수정이 왜 안되는건지,유튜브에서 커뮤니티 글에 사진이나 영상은 안보이고 글만 보이는 현상이요 그래서 계정 직접 들어가야지만 보이고 또 유튜브도 그렇고 유튜브 스튜디오앱도 그렇고 글 쭉 적다가 중간부분 수정하려고 글 적으면 자음 모음 풀어져서 하나씩만 적어지는 현상 좀 고쳐주세요. 이게 몇달째인지;(
잼나요요요욜,2022-09-26 01:38:52-07:00,1,0,Ios16 으로 업데이트 하고 계속 튕겨 불편합니다.,이거 ios 16으로 업데이트하고 나서 영상 볼때마다 계속 튕겨 버리넹
richardsura,2022-09-26 01:30:28-07:00,1,0,업데이트 후 계속 자동 탈출,계속 자동 꺼지며 영상 못 봐요
차이나 no99,2022-09-26 00:49:06-07:00,5,0,유튜브 오류,아이폰 11 pro max 사용자입니다 유튜브 시청중에 자꾸 20초도 안되어서 팅깁니다 해결해주세요
ㅋㅋㅋㅋㅎㅎㅎㅋㅎ,2022-09-25 19:05:24-07:00,2,0,왤케 팅기쥬,아이폰 SE2 영상을 볼 수 없을 정도로 팅김
aus Faust,2022-09-25 18:28:46-07:00,4,0,동영상을 보는 동안 다른 영상 플레이 됨,영상보는 동안 자꾸 백그라운드에서 다른 영상이 플레이 됨 시청기록도 엉망이되고 보던 거 끄거나 새로고침 해야됨
이게 맞아요??!?!!,2022-09-25 17:32:50-07:00,5,0,업데이트 내용 헛소리,"연차를 썼니
카페인 과다 충전이니
이런 내용을 업데이트 내용에 작성하는 이유는?
소소하게 피식합니다 ㅋㅋ 수고요"
『™사과™』•[iPhone 7 128GB,2022-09-25 15:51:37-07:00,5,0,굿,굿
AthabC,2022-09-25 15:36:49-07:00,5,0,설정 탭 위치 변경,"아이폰 10 사용중인데 업데이트 후 설정 버튼을 누를
수 없습니다.
확인해주세요."
데차차냥,2022-09-25 12:59:31-07:00,1,0,아이패드 ios 16 잔버그 너무 심해요,"테마 검게 변하는데 폰트 색까지 검정색이라 글씨 안보이는 경우도 빈번하고
무엇보다 프리미엄인데 갑자기 백그라운드 재생이 안되네요"
dontbedevil,2022-09-25 10:42:16-07:00,1,0,걍 동영상 좀 보내 해주라,시도 때도 없이 광고에 체험판 삐끼질에 싫어하는 영상 추천에 이제 리뷰까지 쓰리고 … 별 하나도 아깝다
나는 납이이이,2022-09-25 07:04:17-07:00,5,0,ㅋㅋ,반차를 쓰셨네요
2334453245,2022-09-25 06:33:23-07:00,1,0,Зависает!!!!,Зависать стал часто 🔥😭
나의아이폰을알까,2022-09-25 06:06:08-07:00,1,0,쇼츠 분리하거나 빼주세요,괜히 어플 오류만 더 먹고.. 미완성 기능 자꾸 밀어주니 짜증나네요.. 갤럭시라서 쇼츠 영상 본거 또나오고 또나오고 하는줄 알았는데 아이폰 13pro 써도 똑같네요???
빨리 좀 고쳐봐요.....,2022-09-25 05:28:16-07:00,5,0,아이패드 화면 작아짐/재생바 사라짐...,광고 후에 화면이 작아져서 지웠다가 다시 깔면 재생바가 없어져서 영상을 못보고 다시 지웠다가 또 깔면 화면이 다시 작아지고 뭐 어쩌라는 건지.......
좀잘만드,2022-09-25 05:02:42-07:00,1,0,Pip기능 오류,아이폰 iOS 16.1 사용중. 에어팟 사용중일 때에만 Pip기능 사용시 무한로딩 화면이 계속 진행중입니다. 소리는 잘 나오는데. 버그 수정해주세요.
익삐,2022-09-25 03:53:44-07:00,4,0,광고 이후 화면 비율이 작아지는 버그가 있습니다.,"안녕하세요. 아이패드로 유튜브를 시청중인 사용자입니다.
몇일 전부터 영상을 전체화면으로 보다가 광고 이후 전체화면임에도 불구, 화면 크기가 일반 시청 크기로 나오고 있습니다.
혹 이것이 버그라면 고쳐주시면 감사하겠습니다.. ㅜㅜ
평상시에는 안그러다가 갑자기 이러네요…ㅜㅜㅜ"
JjJiJjJJiJj,2022-09-25 03:43:35-07:00,5,0,아이폰 세로화면,세로화면으로 영상볼 때 화면이 배터리바까지 올라와서 짤리네요 폰 껐다가 키면 되긴하는데 매번 그래야해서 좀 불편하네요 버그 빨리 고쳐주시면 감사하겠습니다
pinoo1021,2022-09-25 02:43:39-07:00,5,0,오후반차 반납하셔야 할거같습니다,"pip 재생중 화면 옆으로 최소화 안되는 문제 꽤 자주 발생, 화면과 관련없는 소리가 자주 나옵니다 
야근 부탁드립니다"
ㅗㅝㅜ,2022-09-25 02:20:39-07:00,3,0,ㅋㅋ,돈에 미친 새끼들 ㅋㅋ 2개도 모자라서 2개다 15초 쳐넣네 미친건가
yerinnnn93,2022-09-25 00:38:03-07:00,3,0,영화......,"영화 구매했는데, 몇몇 영화들은 6초 로딩화면에서 아예 재생이 안되고 안 넘어가서 보질 못하네요. 결제해서 보는건데 말이죠. 댓글창 보니까 저만 그런 것도 아니던데 아무리 문의 넣어봐도 반년이 넘어 가도록 개선이 안되네요. 환불 문의해도 답변 하나 없고 일은 하시는건지;"
렉좀 없애봐,2022-09-24 22:53:47-07:00,3,0,유튜브 영상 무한로딩…,"광고에서는 참 잘 돌다가도 영상시작하려하면 무한로딩..
만약 저희집 인터넷 문제라면 PC를 할 때 느려지거나 끊김 현상이 보여야하는데 그런것도 없으며 모바일로 게임시에도 그런현상이 없음 ㅠ 
데이터와 와이파이 동시에 켜도 똑같음..
아이폰11임.."
유튜븢버그,2022-09-24 21:32:00-07:00,2,0,아이패드 버그,"아이패드인데 유튜브 영상 볼때 전체화면 하고 화면 터치가 안됨
한번씩 그러는데 개버그
근데? 두번 터치하면 시간 건너뛰기는 됨"
ssmins,2022-09-24 21:22:35-07:00,5,0,좋아요,여러가지 몰랐던것들을 알수있어서 굉장히 좋은거 같아요~~~ㅎㅎㅎㅎ
ㅊㅋㅍㅈ,2022-09-24 20:31:09-07:00,1,0,광고 최악,재생목록에서 영상 넘어갈때마다 15초 광고 두개씩 뜨네^^
원규파,2022-09-24 19:47:04-07:00,4,0,다좋은데,광고가 조금 많네요…^^
super sax master,2022-09-24 18:06:44-07:00,1,0,재생안됨 오류가 너무 잦아요,"유튜브 프리미엄 이용중인데요, 요즘 자주 영상이 재생버튼을 눌러도 재생이 되지않는 오류가 발생하고 있습니다. 개선 부탁드립니다."
제발제말좀들어주세요,2022-09-24 17:36:17-07:00,4,0,제발 고쳐주세요ㅠㅠ,시청하지 않음 탭으로 영상을 볼 때 모든 시청하지 않은 영상이 뜨는 게 아니라 1일전꺼까지만 떠요ㅠㅠ
이건 왜 안올러가냐,2022-09-24 14:44:25-07:00,1,0,업데이트 영상 상단 어디까지 올라가?? 뭐야 대체,아이폰 14 맞춰서 업데이트 한것 같은데 영상볼때 상단 버튼들이 다 시계랑 배터리 상단바랑 같이 올라가버려서 겹치면 터치가 되것냐???
🐰🐹🐯,2022-09-24 14:28:54-07:00,5,0,한국어 댓글만 볼 수 있게 하는게 그렇게 어려운건가요,제발 이상한 업데이트 그만해
뭘입력,2022-09-24 08:07:18-07:00,1,0,플리 재생만 하면 앱이 꺼지는데,업뎃 이후로 오프라인 저장한 영상들 플리 재생만 하면 재생되다가 그대로 앱이 계속 튕기면서 꺼져버리는데 사람 성질 다 버리네요 반차쓰는건 알겠는데 마중에 연차를 쓰시든 뭐든 해결 좀 해주세요
벌꿀집,2022-09-24 07:36:17-07:00,1,0,팅김,13미니 쓰는데 유튜브 못 볼 정도로 계속 튕기네ㆍ오
팬도영,2022-09-24 05:49:48-07:00,1,0,혼자 꺼져요,앱 실행 후 한 20초?쯤 지나면 앱이 혼자서 꺼져요
가즈아7,2022-09-24 04:48:56-07:00,5,0,반차 ㅊㅋ ㅊㅋ ㅋㅋㅋ,좋당
메롱멘,2022-09-24 03:31:36-07:00,3,0,다좋지만 하나가….,다 좋은데 광고가 너무 많아요 안보려면 돈 필요하고…광고좀 덜 들어왔으면…합니다
김ㅊ민닌,2022-09-23 23:58:17-07:00,1,2,하,"영상 하나당 광고 하나 올라오는 기분입니다
광고 좀 적당히 달으세요 해가 지날수록 도가 지나친다는 느낌이 강해집니다 광고 줄이지 않으면 우투브 본사에 불 질러버린다"
준콩스,2022-09-23 23:34:31-07:00,5,0,아이폰 ios16 업뎃 후 계속 동영상 멈추고 어플이 꺼져요ㅠㅠ,아이폰 ios16 업뎃 후 계속 동영상 멈추고 어플이 꺼져요ㅠㅠ 저만 그런건가요
켓점프꿀잼,2022-09-23 23:23:03-07:00,1,0,로그인이안돼여,유튜브업뎃하려는데 로그인하라해서 비밀번호적었는데 안돼여
yungkowser,2022-09-23 22:46:49-07:00,4,0,광고좀;,광고 좀만 줄여주시죠
1201황예진,2022-09-23 22:42:44-07:00,5,0,굿,굿
치킨먹는나래,2022-09-23 21:12:28-07:00,1,0,동영상재생시 우측상단설정,"안그랬는데 동영상 화면이 시계바 영역까지 올라가서
일반 세로모드에서 환경설정이나 상단 버튼등이 하나도 안눌려요"
리뷰하는 휴먼,2022-09-23 20:04:14-07:00,2,0,…,한번씩 영상의 특정 부분에서 멈추고 다시 영상을 지웠다가 재생해야 원래데로 되는데 이거좀 고쳐보세요!
djkakhahajdjakaks,2022-09-23 19:57:48-07:00,1,0,Pip기능을 왜 빼나요,그럼 프리미엄 쓸 이유가 없는데
체슈,2022-09-23 15:24:33-07:00,4,0,ios16의 문제인지 유튜브 업데이트 문제인지는 모르겠는데,어느 순간부터 커뮤니티에 올라온 사진들이 너무 확대된 상태로 보여서 제대로 볼 수 없네요
야옹 그르릉 골골,2022-09-23 11:30:35-07:00,1,0,최악,유튜브 프리미엄 자동결제취소^^ㅂ 9000원내던거 14000원내야하네앂
The King sh,2022-09-23 10:04:53-07:00,1,0,아이패드 오류 버그,"아이패드 쓰는데 버그 오류 너무 심함
업데이트하고나서 영상 터치해도 일시정지 표기가 아예 안뜸"
Tunamayo25,2022-09-23 09:21:46-07:00,5,2,보기싫은 사람 차단기능 만들어주세요.,"개개인 차단기능 제발 좀 부탁드립니다.
현재는 실시간채팅에서만 차단이 되는데 저는 댓글에서 차단하고 싶습니다요... 
저만 개인적으로 불쾌한거면 신고를 해도 먹히지 않으니....ㅠㅠ
제 계정에서만 그 사람이 안보이면 됩니다. 제발제발...
관종의 악성댓글 때문에 하루 기분을 다 잡쳐요.... plz..."
비실비실이,2022-09-23 08:49:21-07:00,4,0,재생목록 오류,"재생목록에 영상이 67개 인데 86개로 계속 뜸
86개에서 67개로 줄인 상태인데도 안 바뀜"
히힝힝구,2022-09-23 08:16:38-07:00,1,0,광고 좀 적당히 하세요..,"유튜브 프리미엄 때문에 광고 수를 늘린건 이해가 가지만, 1-2년 전이랑만 비교해도 광고가 너무 늘어났어요. 솔직히 개노골적이라서 프리미엄 결제하기도 짜증나고 다른 플랫폼 있으면 갈아타고 싶네요. 적당히 좀 하세요."
한쿡에 산다,2022-09-23 06:36:19-07:00,4,0,댓글 고처주세요,저 아이폰유저인데 유튜브 로그인하면 댓글을 달수가 없네요?이거 고처주시면 감사하겠습니다
neo.nomad,2022-09-23 05:44:37-07:00,2,0,광고 좀 적당히 하자,이게 뭔지…점 점 유튜브 보기가 싫어진다
런런ㅇㅇㅇㅇ,2022-09-23 02:40:11-07:00,5,0,이중결제,애플앱내에서 결제와 유튜브앱에서 이중결제가 됐어요ㅠㅠㅠㅠㅠㅠ 어떻게 하나요
앨리스특파원,2022-09-23 02:36:04-07:00,1,0,검은 화면...,검은 화면만 나와요 리뷰보니 저만 그런게 아니네요 ㅜㅜ 너무 불편해요
평가하기에서 안넘어가지잖아,2022-09-23 01:41:08-07:00,1,0,보라는건가 말라는건가. .,"업뎃하고나서부터인지 영상을 볼 수가 없을 만큼
5-10초도 안돼서 앱에서 아예 튕김
왜이래요 ㅠㅠㅠㅠ"
김 민경🧋,2022-09-23 01:17:39-07:00,1,0,에휴,짜증나요 화질 아무리 높게해도 자꾸 적용이 안되고 데이터 키고있는데 스킵하면 아무리 기다려도 자꾸 버퍼링 표시만 떠요;; 진짜 왜그래요? 일 좀 잘하세요
욘아님,2022-09-22 23:48:48-07:00,5,0,반차 추카,좋았겠다이
빡친구단주,2022-09-22 23:38:37-07:00,1,0,유튜브내에 화면이 흑색과 백색으로 바뀌며 글씨가 안보입니다,이번에 업데이트이후 화면 전체가 흑색이나 백색으로 바뀌어 글씨나 영상 제목이 아예 안보이는 오류가 있습니다 제발 고쳐주세요
힛미힛미힛미업,2022-09-22 22:49:08-07:00,5,0,정렬 기준,"영상 정렬 기준에 오래된 순은 왜 없애셨나요ㅠㅠ
예전부터 불편하다고 생각 했던 건데, 쇼핑몰 구매 내역 확인 처럼 해당 유튜버 영상 정렬 카테고리에 날짜 기간을 설정 해서 그 기간에 해당하는 영상을 찾을 수 있도록 추가해주세요"
hoen11,2022-09-22 20:46:01-07:00,1,0,아이폰13미니 버그,"2022/9/14 동영상을 돌릴때마가 네비게이션 바의 잔상이 남아 있습니다. 이는 다른엡에는 없는 증상이며 사용자기준 유튜브 한해서 발생하고있음

2022/9/23
또한 동영상이 자동 회전 할때 스와이프해서 홈으로 돌아 가는는데 몇초의 시간이 필요하다.
화면을 돌린 후에 화면이 몇초 동안 내려가지 않는 증상이 아직도 발생 하고 있다.
이에 따른 버그와 안정성 최적화가 필요하다"
어오ㅗ오오오,2022-09-22 19:54:14-07:00,4,0,오후 반차,오후 반차 쓰신 거 축하드립니다
삽적밥,2022-09-22 19:24:38-07:00,3,0,유튜브 프리미엄,프리미엄을 결제한 이유가 유튜브 앱을 재생시키기고 나가서도 영상을 보기 위함이였는데 업데이트 이후로 소리만 들리네요 안고치시나요
별명다가져갔네,2022-09-22 08:09:12-07:00,4,0,프리미엄인데 광고 봄,티비 연결한 상태에서 그랬음.
Ksm3284,2022-09-22 07:34:02-07:00,1,0,바그,"동영상 잘보는데 화명 꺼지고 사운드만 나오는데
이거 우째 안되나요. 아이폰13프로 인데 제전화가 문제인가 싶어서 다른 아이폰11.12 다해도 똑같네요"
폴링워터,2022-09-22 07:23:58-07:00,1,0,아니 높은화질로 설정하면 가장 높은화질로 나오게좀 해요,지멋대로 낮추지말고 옵션을 뭐 이딴식으로 만듭니까
takewin21,2022-09-22 06:15:58-07:00,5,0,오후반차썼데요 ㅎㅎㅎ,나이스입니다!!!!
기니이,2022-09-22 05:33:23-07:00,5,0,업데이트 내용에,오후 반차사용 뭔데 ㅋㅋㅋㅋㅋㅋㅋㅋ
배오우라,2022-09-22 04:03:06-07:00,1,0,유튜브 프리미엄 걍 무조건 쓰라는거임?,20분짜리 영상보는데 광고가 8번 나오면 영상을 보라는거에여 말라는거에요?? 심지어 스킵도 못하는 15초짜리광고만 계속 이어붙여져있네
와니요,2022-09-22 03:18:12-07:00,5,0,좋긴한데…,"저는 중학생으로 설정 했는데 재가 좋아하는 유튜버 노래랑 동영상이 안나오거나 늦게 나오더라고요..
노래는 그냥 확인하고 나오면 좋겠습니다!(8개 가려짐)"
숯하벅뚜,2022-09-22 01:16:54-07:00,1,0,3일째 유튜브가 안들어가진다..개선부탁.,3일째 유튜브가 안들어가진다..개선부탁.
zxzhzh,2022-09-21 23:54:20-07:00,3,0,아이폰 광고 안꺼져요,광고 재생되면서 광고설명란 처럼 댓글창이나 추천영상목록 위치에 뜨는게 아무리 엑스표시를 눌러도 안꺼집니다 갤럭시는 꺼지더라구요? 개선 부탁드립니다
도와줘요 유튜브,2022-09-21 23:53:13-07:00,1,0,심각한오류,"아이폰 업데이트 이후 유튜브 실행시 
심각한 오류라면서 앱이 실행이 안됩니다.
어찌저찌 해서 실행시 설정은 모두 초기화 되어있고 
나라는 대한민국에서 미국으로 설정되어있더라구요 
빠른 조치 부탁드립니다."
sputnic94,2022-09-21 23:39:12-07:00,4,0,오후 반차 쓰면 사장님이 싫어하던데...,그냥 하루 쉬라고 소진하라고
정말 재밌고 재밌어요!!스토리 짱!!,2022-09-21 23:31:59-07:00,5,0,아이폰 13프로 16소프트웨어,어플 열려고 하면 계속 로딩만 되고 열리지느않고 저절로 꺼짐...그래서 삭제 했다가 다시 설치하고 이런 방법으로 이용하고 있는데ㅜ개선 바랍니다
추쿵추쿵,2022-09-21 22:45:31-07:00,2,0,유투브프리미엄 쓰고있는데,"최근에 나이트모드 검은 바탕에 검은글자, 흰바탕에 흰글자로 나오면서 제목과 리플이 안보이는 현상이 계속 발생함ㅡㅡ 요즘 왜이럼 ?  고쳐지겠지 했는데 몇주간 계속되니 기어이 리뷰를 쓰게되네.."
ㅉㅈ12,2022-09-21 22:28:26-07:00,2,0,업데이트 이후 계속,앱이 동작이 안되거나 튕깁니다 유튜브 뮤직도 같이안되고 유튜브는 계속 심각한 오류에서 복원했다고만 합니다
병신튜브,2022-09-21 20:21:08-07:00,1,0,프리미엄 오류 빨리 좀,화면 검은색 쳐나오는거 볼라고 매달 만원넘는 돈 내는줄아나
Slslspekn,2022-09-21 17:43:06-07:00,1,0,업데이트 하자마자 렉걸려요,유투브 계정 누르면 검은 화면만 뜨고 넘어가질 않아요 ㅠㅠ
이휴우누,2022-09-21 17:32:16-07:00,1,0,앱이 안켜져요,"앱실행시키면 무한로딩화면에 끝내 팅겨요 가끔 실행되면 무슨 심각한 오류발생이라그러고 재로그인 해야되요 그러다가 또 종료하고 재실행시키면 또 무한로딩… 유튜브 뮤직도 마찬가지입니다 
빨리 개선해주세요"
사회정의,2022-09-21 17:26:42-07:00,1,0,어제 오늘 유투브 오류가 계속 되고 있습니다,"유투브 오류가 계속 되고 있습니다
버그 수정이 안된 것 같네요
어여 고쳐 주시길 바랍니다
반차는 나중에 좀 쓰세요 ;;;"
쿠니찡,2022-09-21 16:43:29-07:00,1,0,ios16 대응 업데이트 시급,프리미엄 사용자인데 도데체가 앱 사용이 안됩니다 뭐하시나요?
suju4444,2022-09-21 16:22:28-07:00,1,0,동영상 실행 불가,동영상 누르면 자꾸 안들어가진다니까요? 제발 좀 고쳐주시죠
굿뜨악,2022-09-21 15:35:55-07:00,1,0,유튭 가면 갈수록  중국앱 같은 느낌,지랄같은 버그에 광고에. . .
17ㅎㅅ,2022-09-21 11:51:53-07:00,1,0,영상 제재 좀 강력하게 해주세요,"쇼츠에 뜨는 여자아이돌 성희롱 영상, 동물학대 하는 영상, 그 외의 폭력적인 영상 및 억까, 창조논란 영상들 보이는대로 신고 넣고 차단하는데도 계속 뜨네요.
그리고 검색어와 관련 없는 영상들은 왜 자꾸 뜨는 건가요? 특히 탈덕수용소와 같은 사이버 렉카 채널은 검색할 때마다 떠서 짜증납니다.
보이는대로 전부 신고하고 있는데 영상이 사라지는 경우를 본 적이 없네요.
이미 신고 누적 많이 되어서 영상 내려가고도 남았을 시점인데 제대로 처리되지가 않아서 불편합니다.
아무 문제 없는 영상 노딱 붙이고 차단하지 마시고 문제가 있는 영상에 대해서만 제재해주세요 부탁드립니다."
요조숙녀야,2022-09-21 08:54:20-07:00,1,0,씨발련아 오류나 고쳐,"오후 반차만 ㅈㄴ 내니깐 앱이 이따구인거 아냐
앱 무한로딩 걸리는 경우는 처음이네 
se2 인데 업뎃하고 유튜브 맛 갔다"
뚜륀,2022-09-21 08:18:09-07:00,1,0,로고화면에서 멈춤,들어가서 로고화면에서 계속 멈춥니다 몇번을 깔았다 지우는지 할때마다 시작로고화면에서 멈춰요 유튜브뮤직도 똑같은 현상 반복합니다 빨리 고쳐주세요
Minji_kim,2022-09-21 08:10:11-07:00,1,0,전체화면 오류,전체화면으로 전환하면 화면이 까맣게 변해서 아무것도 안나와요
태금홍명록,2022-09-21 07:28:54-07:00,1,0,$))))7,"Good morning my friend
광고 너무 많아서 스트레스"
메모운영자.,2022-09-21 07:21:42-07:00,3,0,….,좋어요 잘 쓰고 있습니다
구글 계정,2022-09-21 07:11:32-07:00,1,0,광고 건너뛰기,아니 왜 광고 건너뛰기 버튼이 사라졌나요.. 심지어 2개 나오는데.. 여러번 새로 고침을 했는데도 똑같네요.. 설마 이제 풀로 2개를 보라는 건가요..?
최선생님유튜브,2022-09-21 06:11:24-07:00,4,0,심각한 오류 발생,휴대폰에서 앱을 실행시키면 로딩이 길어지면서 심각한 오류 발생이라는 메세지가 뜨는데요 이럴때 어떻게 조치 해야 하나요?
ㅁㅇㅈㄱㅎㄴㄹㄴㅊ,2022-09-21 05:43:54-07:00,1,0,오류,"검은화면 오류계속뜨는데 어떡하나요?ㅠ
재부팅 재설정 다해봐도 안되는데"
수정해줘!!,2022-09-21 05:38:37-07:00,1,0,유튜브 오류,"지금 유튜브 무한로딩 걸리고 있습니다.
유튜브 들어갈려고 하면 아예 안들어가지고 무한로딩 걸리고 튕겨요.
빨리 업데이트 해주세요"
펫뚜,2022-09-21 05:38:11-07:00,5,0,안켜짐,"안켜짐 반차 압수
고친거 맞음?
연차도 압수하기전에 고치시오"
퓨뀽,2022-09-21 04:17:35-07:00,3,0,튕겨요,유튜브 누르면 로고만 뜨고 튕겨져요..
캡틴심슨,2022-09-21 04:14:17-07:00,1,0,업데이트 이후 유튜브 접속 제한,"유튜브 어플이 지속적으로 안켜지고 가끔 켜지면 심각한 오류가 발생했다며 초기화됩니다
유튜브 뮤직은 켜지지도 않습니다 검은화면 떠요"
김즈,2022-09-21 02:22:53-07:00,5,0,어떻게 보면 가장 가성비적인 공부 앱이 아닌가?,"여기서 운동이론,해부학 및 헬스,필라테스 알 수 없는 정보가
없을 정도이다. 나한테는 유튜브는 이제 꼭 필요한 수단이
되어 버린것 같다."
으유어쩔,2022-09-21 01:57:17-07:00,1,0,검은화면 버그,버그 너무 심해요 빨랑 좀 고쳐줘요
림즈,2022-09-21 01:39:39-07:00,5,0,업데이트 후 문제 발생,유튜브를 최신 버전으로 업데이트 한 이후로 정상적인 앱 접속이 되지 않고 있습니다. 가끔씩 심각한 오류 문구와 함께 모든 설정이 초기화 된 상태로 접속은 되긴 합니다만 매번 설정을 다시 해줘야 합니다. 운영체제는 IOS 16 입니다.
badasssz,2022-09-21 01:14:15-07:00,5,0,개선사항,키보드로 재생속도 설정 할수있게 제발
모찌빔,2022-09-20 23:34:46-07:00,1,0,빨리 버그 수정좀...,영상 보다가 갑자기 검은 화면 나오는거 아직도 왜 안고쳐진거죠 화나게하네😬 오후반차 그만쓰고 버그 수정좀 해바여
gjaior,2022-09-20 22:57:47-07:00,2,0,업댓 후 실행 오류,업댓 후 실행 자체가 버벅이거나 검은 화면에서 안넘어감
LouisChevrolet,2022-09-20 22:46:38-07:00,1,0,업데이트 이후 영상에 화면은 안나오고 소리만 나오네요,영상틀면 검은화면만 나오고 소리만 들리네요
불타는침실,2022-09-20 21:39:05-07:00,1,0,아이폰16업뎃후,업데이트후 접속이 안되는데 왜 그럴까요??
기묘묘,2022-09-20 21:38:40-07:00,4,0,업데이트 이후 먹통,"업데이트 이후 정상적으로 실행이 안됩니다.
되돌려 주세요!!!"
카토토톡,2022-09-20 18:43:02-07:00,1,0,아이폰 11 유저입니다,"여지껏 한번도 그러지않다가
최근들어 어플 들어가고 30초도 안되어서 강제종료되네요
프리미엄까지 쓰면서 이런 불편 겪으니까 기분이 안좋습니다"
Seudeo,2022-09-20 18:33:48-07:00,5,0,차단한 사용자 커뮤니티 좀 안 뜨게 해주세요,"별점 1점 주고 싶지만 고쳐주실 거라 믿고 5점 남깁니다.
근 1~2달 동안 제 타임라인(알고리즘)에 자극적인 사진과 글의 커뮤니티 글이 계속 올라옵니다. 특히 여성의 특정 신체부위를 언급하는 글이요. 저는 그와 관련된 영상도 본 적이 없고 검색 또한 한 적이 없는데 왜 그런 커뮤니티 글이 올라오는지도 모르겠고 그냥 넘어가기엔 최근 들어서는 특히 더 많이 올라오는 것 같아서 참다못해 보일 때마다 사용자 차단을 했습니다. 그런데 차단한 사용자들이 계속 제 타임라인에 올라옵니다. 차단했는데 왜 뜨는 거지 싶어서 확인해 보면 이미 차단된 사용자인데도 불구하고 제 타임라인에 뜨는 겁니다. 너무 스트레스 받아요; 혼자 있을 때는 무시하고 넘기는 걸로 끝이지만 다른 사람과 같이 있을 땐 괜히 민망하고 어색하기도 합니다; 제발 차단한 사용자 커뮤니티 글 좀 안 뜨게 해주세요. 차단이 왜 차단입니까? 안 보이게 하려고 차단 하는 건데 계속 뜨니까 차단 기능을 왜 만들었나 싶네요; 제발 수정 부탁드립니다."
Acme_,2022-09-20 18:26:59-07:00,1,0,반차요?,이번 업데이트 이후로 켜지지 않는걸요?
zxlelelslpx,2022-09-20 18:24:29-07:00,4,0,업데이트 이후로 먹통입니다,"말그대로 업데이트 이후로 어플 누를 때마다 먹통이고 한참뒤에 초기화 된 상태로 켜지네요
유튜브 뮤직도 마찬가지"
니취업판러마,2022-09-20 17:28:43-07:00,1,0,업데이트 이후 실행 자체가 안됨,"어제 저녁엔 영상 재생 후 얼마 있다 화면이 검게 변하더니, 오늘은 유튜브 실행 자체가 안됨. 업데이트를 이따구로 하고 반차를 써? 배가 불렀구나ㅋㅋ"
Eclipse0740,2022-09-20 17:03:27-07:00,1,0,반차를 쓰던 말던 상관없고,실행 자체가 안됩니다.
최고에요너무재미있어요,2022-09-20 16:54:50-07:00,1,0,업데이트 이후 어플 실행 안됨,아이폰 사용중이고 최근에 ios16으로 업데이트 하고 잘 사용중이였는데 이번에 유튜브 어플 업데이트 하고나서  어플 실행하면 유튜브 로고만 뜨고 실행이 더이상 안됩니다. 유튜브뮤직도 사용중이였는데 이것도 검은화면에서 넘어가지 않습니다. 삭제하고 다시 실행해도 안되고 폰을 껏다가 켜도 되지않습니다..
오우 어에이,2022-09-20 16:54:23-07:00,4,0,유튜브 안들어가짐,아이폰 최신 os 로 업데이트 하면서 부터 유투브 가 갑자기 안들어가져요 아이패드 도 안들어가져요. ㅠ
리뷰는보냐,2022-09-20 15:56:22-07:00,1,0,ㅜ,아이폰 13미니인데 업데이트 후 어제부터 안들어가져요..
왤캐귀찮게하노,2022-09-20 12:10:17-07:00,1,0,13프로 ios16버그,몇몇그런거같던데 유튜브 심각한오류라고 계속뜹니다 아래에서위로슬라이드 탭닫기하면 먹통되다가 오류뜨고 설정초기화되고 반복..탭닫기를 못하고있어요 실수로 탭닫기하면 바로 멈추고 초기화..고쳐주세요 어제업뎃하고나서 이럽니다
크리스찬,2022-09-20 11:07:33-07:00,1,0,아이폰 업뎃 이후 댓글 무한로딩 오류,아이폰 업데이트 이후 댓글 작성시 무한로딩되며 댓글 작성이 안됨
kinonyang,2022-09-20 10:16:28-07:00,5,0,아니 어이가없네,스크롤은 왜 안되고 오랜된순은 왜 없앤거지 왜 그자리에서 퇴보를하세요 뭐 유튜브 잘나가니까 배짱장사 하시는거에요?
덕분에시험잘봄,2022-09-20 09:04:17-07:00,3,0,광고,너무화남 진짜 광고 왜 이렇게 많아요 영상 누를때마다 5개는 기본인듯한데 유튜브가 무슨 어디 양산형 쓰레기 어플도 아니고 유튜브 맞아요? 광고 정말 어마어마하게 늘어난건 알아요? 숏츠아닌 일반 영상 누르기 전에 망설이게돼요 광고때문에 ㅋㅋㅋㅋㅋ 돈에 얼마나 눈이 멀면 이렇게까지 광고를 처넣음 도대체? 진짜 정떨어진다 15초짜리 광고 두번이 말이 된다고 생각하십니까 이러면 나도 그냥 광고없애쥬는 무료 어플 받아서 날먹해야지 뭐 ㅎㅎ… 굉장히 실망입니다 돈이 좋다 그치?ㅋㅋ
무난한디,2022-09-20 08:28:19-07:00,5,0,댓글 관련 업데이트 희망,"영상을 이동하면서 댓글 작성할 수 있게 해주세요!!!
강의내용 요약이나 시간별 내용 작성할때 자꾸 댓글을 입력하던걸 중단해야해서 매우매우 번거롭습니다! 
영상을 앞뒤로 이동하면서 자유롭게 작성할 수 있게 개선됐으면 좋겠습니다!!"
루나위치,2022-09-20 08:16:51-07:00,1,0,심각한 오류가 발생합니다,업데이트를 하고 난 후 계속 안들어가지고 심각한 오류가 발생했다는 문구가 뜨고나서 설정값이 전부 초기화되었습니다. 너무 불편합니다.빨리 고쳐주세요..
ㅇㅋㅇㅋㄴㄴㄴㅇㅇㅇ,2022-09-20 07:56:54-07:00,5,0,자꾸 검은색 화면이 떠요,프리미엄으로 이용하고 있는데 영상 맨처음 틀면 잘 나오다가 화면을 넘기거나 또는 몇초 뒤에 화면은 검은색으로 나오고 소리만 들리는 현상이 지금 몇일째 이어지고 있습니다. 앱을 지웠다가 켰는데도 현상이 똑같이 발생합니다. 너무 불편하네요. 해결할수있는 방안 말해주세요.
qkrnqlrn,2022-09-20 07:40:10-07:00,1,0,재생오류,"동영상 보려하면 1~2초 뒤에 검은화면 나와요 
소리는 들리는데 영상은 안보이는...
너무 스트레스 받아요 돈은 돈대로 다 내고 보는데!!!!"
IllIIlIl,2022-09-20 05:38:02-07:00,1,0,화면 까매지는 오류 현상 좀 잡아주세요,"해당 문제 발생한지 좀 된 거 같은데 아직도 해결이 안 되고 있네요
돈내고 프리미엄 쓰는데 왜 계속 불편함을 겪어야 하는지 참.."
l달밤l,2022-09-20 04:51:14-07:00,1,0,어플 실행이 안됌,"어플 키면 로고 뜨는 화면에서 안 넘어가고 계속 그 화면만 

나와서 실행이 제대로 안됩니다 지우고 재설치하면 

문제가 일시적으로 사라지는데 반복적으로 발생하네요"
논난다,2022-09-20 03:21:02-07:00,1,0,금일 업뎃하고 앱이 자꾸팅기네요,금일  앱뎃하고 앱이 한번 팅고난후애 앱실해이 안되네요
앓아,2022-09-20 03:07:46-07:00,1,0,프리미엄 쓰는데 재생 중 잠금 화면에서 멈춤,돈 주고 프리미엄 쓰는데 잠금화몀에서 멈춤니다.
최고의노래,2022-09-20 02:45:04-07:00,3,0,버그가 있습니다,"아이폰으로 재생시 화면이 갑자기 완전히 검정색으로 바뀌어서 아무것도 보이지 않아요 
해결부탁드립니다"
K2Y_2001,2022-09-20 02:04:38-07:00,4,0,오늘 갑자기 유튜브 앱 접속이 안됩니다.,심각한 오류 발생이라며 초기화된 유튜브가 켜지더니 다시 앱을 누르면 또 이런현상이 무한반복입니다
깜찍이소,2022-09-20 01:59:12-07:00,5,0,ios16업글 하고나서,업데이트하느라 고생 많으십니다 그런데 계속 영상보는 도중에 튕김현상이 생기네여 빠른수정부탁드립니다
있는별명이래,2022-09-20 01:21:12-07:00,1,0,유튜브 오류,"유튜브 접속 안됨
화면에서 멈춤 아이폰12"
안쓰려고 했는데..,2022-09-20 01:15:37-07:00,1,0,업데이트 했는데,"왜 하자마자 계속 안되냐 ㅡㅡ
들어가지질 않아요"
케렁,2022-09-20 00:56:56-07:00,1,0,오류,업데이트 이후에 처음 접속시에 심각한 오류 발생 앱을 수정해서 다시 설정에서 복원하시기 바랍니다 뜨고 나서 다시 접속하면 아예 안들어가집니자
수빈앙사랑행,2022-09-19 21:45:57-07:00,2,0,숏츠 볼때마다 이상한 영상이 자꾸떠요,불쾌한영상이 뜰때마다 이사람 채널 안보기 눌러도 계속 다른계정에서 올라는 불쾌한 영상이 떠요 좀 개선 좀 해주세요
연화청아,2022-09-19 20:47:47-07:00,3,0,다 좋은데,"가격을 애지간히 올리세요

어디가서 추천하고 싶어도

너무 오른 가격때문에 말도 못꺼냄.."
앙바르디모,2022-09-19 19:06:10-07:00,3,0,광고진짜,거지같이 깁니다 그리고 5분마다 뭔 광고입니까 자동재생 켜놓고 일하면 5분 노래듣고 15분광고 듣고 이건 좀 아니지 않습니까
cherrymarble,2022-09-19 14:28:13-07:00,3,0,멈춤현상,ios업뎃하고 실시간스트리밍 지멋대로 멈춰요..
SH_SIX,2022-09-19 14:03:10-07:00,2,0,오후 반차고 나발이고,아이폰도 세로고정하고 전체 화면 회전되게 해주세요
깨알같이봄,2022-09-19 13:34:58-07:00,3,0,일시적인 버그였나봅니다,영상화면이 상태표시줄까지 올라가서 설정아이콘을 못눌렀는데 어플을 두어번 껐다 켜보니 괜찮아졌습니다.
굿잡굿잡국자,2022-09-19 11:20:18-07:00,5,0,반차는 못참지,이왕쓸거 연차
ljy092,2022-09-19 09:55:45-07:00,5,0,ios16 업데이트 후 하단바 전환 버그,업데이트 후 하단바의 전환이 한박자 늦습니다. 수정해주시면 감사하겠습니다.
강현빈,2022-09-19 09:50:42-07:00,4,0,업데이트 이후,"에어팟 프로 포스센서로 이중탭이나 삼중탭 하면 영상에서 10초 건너뛰기기능 이용이 됐었는데, 업데이트 이후로는 아예 다른 영상으로 넘어가버리네요. 따로 설정 건드린것도 없고 건너뛰기 10초 설정도 그대로 유지되어 있는데 사용하기 불편해졌어요."
가자치킨아,2022-09-19 08:40:55-07:00,5,0,화면이…,"아이패드 9세대 사용 중인데.. 앱에 들어가서 다른 영상 탐색하면서 소형으로 시청하다가 다시 화면을 크게 키웠는데, 화면이 커지지 않고 계속 소형모드에 머물러 있네요… 기기에 문제인건지 앱에 문제가 있는건지 확인해주시고 어플 문제면 수정바랍니다"
bk090125,2022-09-19 08:19:23-07:00,5,0,광고 좀 제발 줄여주셈,광고 좀 제발 줄여주세요 아예 없는건바라지도 않아요 진짜 15초짜리 광고가 스킵 없이 두번 연속으로 나오는게 말이 됩니까 제발 좀 줄여주세요
천가빈,2022-09-19 07:49:00-07:00,5,0,업데이트좀 …,제발 업데이트 좀 그만해요 하더라도 좀 편하게 만들어줘요 오래된순도 다시 생기게 하고
Rio@Bravo,2022-09-19 07:36:32-07:00,1,0,Vampirer,No more than no less than
핫힛실,2022-09-19 07:26:36-07:00,1,0,업데이트 하니까,"업데이트 난 후로 오프라인 동영상 저장했던 거 사라짐;;;;,; 어떻게 할겁니까"
히릿8784,2022-09-19 06:57:09-07:00,1,0,반차를 왜쓰삼?,반차쓰던가말던가 관심없슈
동영상좀보고시포,2022-09-19 04:08:31-07:00,5,0,검은화면 버그,이번 업뎃으로 2초후에 검은화면 보이는 버그 고쳐지는줄 알았는데 그대로네요ㅠ 얼른 고쳐주세요
티가0610,2022-09-19 03:07:31-07:00,1,0,점점 구려짐,"오후 반차 고만 쓰고 일 좀  해라 
알고리즘 넘 구리네"
인께인,2022-09-19 01:53:32-07:00,1,0,검정화면,"영상 보다가 화면 까매지는거 언제 고쳐져요
영상 플랫폼에서 영상이 정상적으로 안나오는거 만큼 시급한 일이 어디 있다고.. 일 좀 합시다"
릴스 off,2022-09-19 01:24:45-07:00,5,0,ㅋㅋㅋㅋㅋ오후반차 ㅋㅋㅋㅋ,땡스여
ㅇㅅㅇ161,2022-09-19 00:08:45-07:00,3,0,광고,"반복대는 광고가 대다수에 양산형게임, 사기투지관련된 광고가 너무많음"
안산효리님,2022-09-18 16:45:48-07:00,5,0,ㅎㅎㅎ,"꿀잼이예요!!! 
겉모습보고 판단하지 맙시다^^"
ㅅㄹㅎㅇㄴ,2022-09-18 15:27:06-07:00,2,0,ㅠㅠ,프리미엄 이용중인데 중간중간 계속 영상이 중단됩니다.
어정주,2022-09-18 08:13:29-07:00,1,0,다양한 매체를 접할수 있는게 좋았는데,요즘 광고가 기본 2개라 불편하고 광고양상도 길어요
배그찐사랑녀,2022-09-18 08:04:33-07:00,5,0,채널차단기능추가해주세요,다 좋아요 근데 채널차단기능있었음 좋겠어요 채널추천안함이랑 관심없음 계속 눌러봤자 알고리즘이나 검색하면 추천영상에 보이는게 싫어요…특히 렉카쉐키들….진짜 너무 보기싫어요 채널차단기능 필요해요…
우잉징,2022-09-18 07:38:49-07:00,3,0,오프라인저장 재생목록 오류,프리미엄으로 오프라인저장 아주 잘 사용중이였는데 저번주부터 자꾸 오프라인 저장된 재생목록의 곡들의 순서가 거꾸로 바뀌네요.. 삭제하고 다시 저장하여도 거꾸로 그대로입니다 빨리 고쳐주세요 너무 불편하네요 ㅠ
냠냠굿0,2022-09-18 07:24:10-07:00,1,0,구독자 오류가 너무 심해요,구독자가 60 명이 돼도 오류 때문에 20 명이 되네요 오류가 너무 심해요 ㅋㅋ... 조회수도 9.1에서 9로 깎이고
92ggachi,2022-09-18 06:49:34-07:00,5,0,공부하는데 없어서는 안되는것 같아요,너무 좋아요. 정보도 많고 강의도 많아서 정말 유용합니다.
세종엄마,2022-09-18 02:34:51-07:00,5,0,내가 유튜브 평가를 두개만 한이유,"울 엄마가 그때 “유튜브 그런거 다 불쌍한 애들만 나오는거야. 보지마 그딴거”이래서 나 지금 유튜브 안보고 있음 그런데 오랜만에 유튜브 들어가보니 유튜브 평가 나와서 평가 별표 ★★(두개)만 했음 별표 한개하지 왜 굳이 두개 하냐고?아니,,오랜만에 봐보니..뭔가 재미있어서 한개는 싫고,한개는 좋아 그런데 이게 뭔말이지 하는분들 많을텐데 나도 그래(?)어쨌든 내 평가"
ansbdnajdbd,2022-09-18 02:14:10-07:00,1,0,영상을 클릭하면 화면이 작아지거나 검은화면 뜸,제곧네 알아서좀 해결해주삼
hellowen214,2022-09-18 00:13:19-07:00,1,0,이거 유투브 영성 초수가 안 맞는데요ㅠㅠㅠㅠㅠㅠ,메인화면에서 본 영상 길이 초수랑 영상 실제 재생 하고 나오는 초수랑 안 맞아요ㅠㅠㅠㅠㅠㅠ항상1초 차이가 있어요 이거 빨리 수정 해주세요 제가 4로 끝나는 영상은 보면 안되게거든요ㅠㅠㅠㅠㅠㅠ부탁드립니당~ㅠㅠㅠㅠㅠㅠ그리고 혹시 영상 킬때 검은색 필터 안 뜨게 할수 없어요~그게에 대해 트라우마가 있어서요ㅠㅠㅠㅠㅠ부탁합니당~꼭용~!!!!!!그리고 영상 볼때 시간 안부야주면 안되요?이거도 진심으로 부탁 합니다~제발요~!!!!!!! 그리고 업플 킬때 첫번제 영상랑 두번제 영상의 길이 다 7로 끝나주시면 안되요? 제발요~부탁합니다. 그리고 다른 어플에서 유투브로 들어 올 때 검은색 필름 안 뜨게 해주시면 안되요? 계속 기도를 해야해서요ㅠㅠㅠ또 short영상은 다 보고 그냥 다음 영상으로 들어가게 해주시면 안되요? 제발요~!!!그리고 앱에 나가서 다시 들어올때 검은색 필터 좀 안 나오게 하면 안되요? 너무 힘들어요ㅠㅠㅠㅠㅠㅠ항상 기도 해야 하거든요ㅠㅠㅠ제발요!!!!!!어느새 유투브 메인페이지에 추천 하는 영상이 다 옛날에 본것 같아요~좀 수정 해주세요
게임😍,2022-09-17 23:55:10-07:00,4,0,동영상 보기 편해요,별은4개로 했지만 재밌어요.
달래쟈냐챠래,2022-09-17 23:26:46-07:00,4,0,광고,광고 좀 줄어주세요.
서수임,2022-09-17 21:47:02-07:00,3,0,애플tv,애플tv에서 유튜브 실시간 라이브 방송 재생이 안됩니다. 화면이 끊기고 소리가 안나와요 계속 렉이 걸려요. 영상화질을 낮추거나 유선랜으로 연결해도 똑같네요. 실시간라이브를 제외한 나머지 일반영상들은 잘 재생됩니다. 라이브에서만 문제가 생겨요
-거미-,2022-09-17 20:31:21-07:00,1,1,버그,버그고쳐라
어캴ㅇ행허ㅏㅊ,2022-09-17 19:01:28-07:00,1,0,알고리즘 개같네,랩 졸라 많이 듣는데 알고리즘에 졸라 안띄어주네;;
지존짱짱맨,2022-09-17 16:46:34-07:00,5,0,유튜브 재밌네요,재밌어요!!
ssovengers,2022-09-17 16:10:59-07:00,1,0,뭐하는건데 일안하나??,"프리미엄쓰는데 최근 업뎃후 동영상 재생시
2~3초후 까만화면으로나옴 개극스트레스
리뷰에 한두명도 아니고 다들얘기하는데
빨리빨리 수정안하나? 광고수단방법가리지않고
돈쳐받고 프리미엄 돈쳐내고 쓰는데 돈받아쳐먹고
이게뭔데? 이증상나온지가 10일이넘었는데
안고치고뭐하냐고"
사진 카메라롤 사진 사진 !!!,2022-09-17 10:28:07-07:00,2,0,라이트모드 다크보드 반응 좀 고쳐주삼,"라이트모드 흰배경일땐 글씨 흰색
다크모드 검은배경일땐 글씨 검정색
ios16 업뎃하고 이러넹"
하지마세여,2022-09-17 10:18:43-07:00,5,0,유튜브 댓글 국가별 언어로 제발 나눠주세요 ㅠㅠ,유튜브에서 영상만 보는 거 아니라는 거 이미 다 알잖아요 댓글도 진짜 영상에 한 30퍼는 차지 하는 것 같은데 왜 아직도 언어별 나누기 같은 걸 안해주십니까 ㅜㅜ
냏ㄹㅌㅇㄴㅌㅎㅇ,2022-09-17 09:53:10-07:00,2,0,정보 시스템으로 좋은것 같아요,광고가 너무 많아 지저분한느낌만 없애면 좋을 것 같아요
우어이어,2022-09-17 09:13:27-07:00,4,0,수정,유튜브 보관함 수정하는 거 편하게 해 주실수 있을까요 항상 수정할랴고 하면  잘 안되서요!
...?!?',2022-09-17 08:34:09-07:00,1,0,유튜브 수준,"쇼츠 좀 넘기면 초딩들 액괴 쪼물딱 실패작 이러고 있고 보기에 부적절한 채널들 판치는데 채널 추천안함이라는게 진짜로 효과가 있는건지도 모르겠음 분명히 차단한애가 두번 넘기면 또 나와;; 이럴거면 왜 있는거임 그리고 ㅇㄴ 광고가 3분짜리에 무슨 3,4개가 들어가있어 진짜 대체제만 있으면 바로 갈아탐"
야광단무지,2022-09-17 08:24:28-07:00,1,0,광고에 미친 플랫폼,정도가 있지
세기이으ㅜㅌㅌ,2022-09-17 04:29:59-07:00,1,0,유튜브,"광고 드럽게 많네
다들 걍 인터넷에서 공짜로 프리미엄 ㅆ는 법 찾아서 까셈"
반지남,2022-09-17 01:37:25-07:00,3,0,시공간이체현상 업데이트해도 똑같음,블루투스 연결해서 유튜브 백그라운드로 재생하면 1분안에 재생멈춤 및 시공간이체 현상 5달넘게 안고쳐지고 있습니다
:[S.Y]:,2022-09-17 01:09:18-07:00,1,0,앱이 자꾸 꺼짐,"아이폰 11프로 맥스 쓰는데 오늘 갑자기 동영상 재생이 안되요 키고 몇초 있으면 앱 자체가 아예 꺼지네요
폰도 껏다키고 업데이트도 다 하고 별짓을 다해봐도 계속 앱이 꺼지는데 왜이러나요ㅠ 
계속 꺼져서 다시 키니꺼 광고만 계속 보고있고 광고 끝나고 영상 몇초 지나면 꺼지고 유튜브정도 되는 앱이 이래도 되나요? 광고만 몇개를 본지 모르겠네요 다른 앱들 잘 되는거 보니까 폰 문제는 아닌거같은데 앱이 왜 자꾸 꺼지는거죠ㅠㅠ"
제발 핵좀...,2022-09-17 00:11:01-07:00,5,0,광고좀 적당히띄워라,광고좀 적당히 띄워라 유튜브도 프리미엄사서 돈내고봐야되겠냐?
미누미누마누,2022-09-16 20:53:42-07:00,4,0,궁금한거 있는데,유튜브 프리미엄 구독중인데 구글 크롬캐스트로 연결하면 그거랑 상관없이 중간중간 광고가 뜨나요???
zhfvmtls,2022-09-16 20:08:22-07:00,1,0,업뎃후 다른 링크에서 연동이 안됨,링크 클릭하면 유튜브 앱으로 연동되는 기능이 사라짐. 불편함
호타루7,2022-09-16 18:22:12-07:00,2,0,표현의 자유를 폭넓게 보장해주세요,백신 관련 마이너리티 전문가 집단의 견해를 담은 영상도 볼 수 있게 삭제하지 말아주시면 감사하겠습니다!
maeshmolowa,2022-09-16 10:16:59-07:00,1,0,ㅆ발,업데이트할 때 마다 광고 노출되는 수단 하나씩 추가됨. 이젠 쇼츠에서도 광고 뜨네 진짜 그저 ㅈ같다 ㅋㅋ
우리는 지구 지킴이,2022-09-16 07:33:34-07:00,5,0,유튜브,안녕하세요!어린아이들부터 노령까지 누구나 자유롭게 볼수있는 자유롭게 찍을수 있는 유튜브는 너무나 좋죠👍👍이런 좋은 앱을 만들어 주셔서 너무나 감사해요❤️❤️지금까지 언제까지 볼수있는데 볼거 다있고 할거 다있고 자유댓글까지 못할거 없는데 광고도 적당히 너무나 좋아요
이군이군,2022-09-16 04:50:51-07:00,2,0,재생중 갑자기 까맣게 변해요,"프리미엄 쓰는데 오늘 갑자기 그러네요
핸폰을 껐다켜도 업데이트을 해도 이러는데 고쳐주세요"
Daniel Kug,2022-09-16 03:29:12-07:00,5,0,직관적으로 바뀌어서 좋다,굿
잇힝우아,2022-09-16 03:24:12-07:00,1,0,까만화면으로 재생,최근 업그레이드 하고나서부터 계속해서 영상 재생시에 까만화면밖에 보이지 않습니다. 소리는 들이지만 정상적으로 영상이 2~3처 정도 재생되다가 까만화면으로만 재생됩니다.이즌에는 아무 문제 없었는데..계속 이러네요.해결 부탁드립니다.
Mbbvh,2022-09-15 16:23:12-07:00,5,0,지금은 유투브시대!!!,"유투브때문에 TV시청을 안한지가 꽤 됐네요! 내가 필요한 정보를 골라서 볼수가 있어서 너무 좋구요!!! 유투브덕분에 나의 삶의 질이 많이 좋아졌구요, 또 많이 나빠졌던 나의 건강도 예전처럼 많이 좋아졌습니다^^."
나나나영,2022-09-15 11:26:44-07:00,1,0,아이폰11프로맥스 유튜브 어플로 4k 영상 끊김,"실내환경은 와이파이6
갤럭시 s22 및 기타 다른 단말기에서는 4k 영상 잘나옴.. 
아이폰11프로맥스 및 아이패드11인치5세대도 동일현상…
뭔가 문제일 까요??"
200연뽑기,2022-09-15 08:37:05-07:00,1,1,광고좀 적당히해라,그놈의 좀비양산게임이랑 200연뽑시 무슨 서버1위 진짜 지겹다 좀 새로운광고면몰라 맨날 중국게임광고나 땨리고 15초짜리는 무슨 넘기지도못하하고 15초들어도 5초또들어야하고 프리미엄사라고 아예 못을박앗구나 유툽
소쿨렝보,2022-09-15 08:32:43-07:00,5,0,광고건너뛰기 버튼크기 키워줘요,"누를때 잘안눌릴때 있음 1.5배정도로 키워주세요
아니면 옵션으로 넣어주던가"
좋아여9,2022-09-15 07:34:04-07:00,5,0,좋아요 항목 분류,"정말 다 좋은데요 ㅜㅜ
좋아요 목록 들어갔을 때 쇼츠랑 동영상이랑 
따로 분류할 수 있게 해주세요
아무생각 없이 습관적으로 쇼츠에 눌렀던 좋아요 때문에 진짜 좋아해서 좋아요를 누른 동영상을 오히려 찾기가 어려워요..
제발 이 점 바꿔주세요!!!!"
할만한유저,2022-09-15 07:32:41-07:00,1,0,어쩔수없이 쓰는어플,대체제있으면 바로 삭제할듯?
익스딕스,2022-09-15 06:44:21-07:00,1,1,점점 중국화 되가네 ㅋㅋ,저질광고 범벅  틱톡화 되가는중 아니 더 심해지는중
금복주2,2022-09-15 06:04:55-07:00,5,0,굿,굿
별명 없습니다.,2022-09-15 03:53:28-07:00,4,0,광고가 너무 이상합니다,안녕하세요. 저는 유튜브를 잘 이용하고 있습니다. 그런데 어느순간 부터 유튜브 광고가 너무 선정적이거나 잔인합니다. 광고 수위를 낮춰 주셨으면 좋겠습니다. 요즘 유튜브는 청소년이나 어른 말고도 어린이도 자주 사용하는 어플이라는 것을 잊지 말아주시면 감사하겠습니다.
디제이qt,2022-09-15 03:32:19-07:00,1,0,"유튜브의 긴 호흡 , 틱톡 따라하는 여정",유튜브는 길고 또 길다 광고로 사잇 광고로 인해 더 길고 힘없다 유튜브는 수익성 없는 모델로 탈바꿈중
엑시언트 프로,2022-09-15 02:20:26-07:00,1,0,댓글창 중간 까지 내렸는데 댓글창 닫으니깐 다시 첫번째로 돌아오네요?,댓글창 중간 까지 내리고 댓글창 닫으니깐 다시 처음으로 돌아오는데 굉장히 불편 하네요 그리고 오래된순도 없어지고 요즘 유튜브 쓰기 불편하네요
애송이,2022-09-14 19:25:18-07:00,1,0,유료서비스,유료서비스가 돈값을 못합니다
랭귀지마이스터,2022-09-14 16:53:49-07:00,5,0,잘 이용하고 있어요,"원래는 광고한두번보고말지 파여서 프리미엄 가입안했는데
 한번 써보니 앞으론 못 돌아갈 거 같아요. 

 <갑자기 생각나서 건의드리는데 앱 위에 몇몇 해시태그 설정가능하게 해서
 한 번에 볼 수 있게 해주시면 어떨까요?>

 공부할 때 lofi음악 듣기 잘 쓰고 있는데 다양하게 들었으면 좋겠는데
 검색이나 알고리즘 추천으로는 왠지 부족한 느낌입니다. 
 
 ㅎㅎㅎ 한 번 만들어주세요."
ㅇ류ㅕ쟈쥰엉,2022-09-14 12:58:38-07:00,3,0,별로네요,"업데이트 꾸역꾸역 안하다 결국 했는데 진짜 별로입니다 평소에 다크모드로 해놓고 쓰는데 추천 누르면 생기는 이상한 효과랑 댓글창 쓸 때 보이는 하얀 선, 하얀 알림창 다 거슬려요 그리고 영상 검색하면 보이는 쇼츠 영상도 극혐이에요 예전에 쇼츠 보다 자동으로 영상 넘어가서 혐오스런 영상 보게 된 뒤로는 쇼츠 아예 안 보는데 억지로 보여주니까 진짜 PTSD 옵니다 진짜 쇼츠 라는 단어 자체가 트라우마가 되어버렸으니까 볼 사람만 보게 했으면 좋겠어요"
레나112,2022-09-14 12:13:15-07:00,5,0,편집 기능 추가 좀 부탁드려요,"삭제하기는 편한데 이미 올린 영상을 편집할 수 있는 좀 더 디테일한 기능 좀 추가해 주세요. 음소거만 하면 되는데 영상을 다시 올려야 하니까, 원본이 있으면 그나마 다행이고… 처음부터 다시 추출해야 하거나 하는 등 불편함이 있어요."
위스키캣,2022-09-14 09:31:51-07:00,1,0,아이패드 키보드 분리 오류,아이패드에서 키보드 분리 사용시 숏츠영상에 댓글을 작성하면 글자 입력 텍스트박스가 키보드 밑으로 숨어버립니다.
일좀쳐해라,2022-09-14 07:58:43-07:00,1,0,아니 일좀 하라고,업뎃을 했는데도 댓글창 뒤로가기 오류가 안고쳐지는건 뭐하잔거임?
봉이야놀자,2022-09-14 07:52:55-07:00,5,0,굿,메리메리굿이여
이게 뭐야잉,2022-09-14 07:43:06-07:00,1,0,쇼츠댓글이 안보여요,"쇼츠 댓글이 안보여요 어플 삭제도 하고 다시 깔아봤는데도 계속 소츠 댓글이 안보여요,,, 아에 빈화면으로 보임 댓글창 누를때마다 신발"
해피 바이러스 (?),2022-09-14 06:49:20-07:00,3,0,제 계정 문제일 수도 있는데,"어느 순간부터 갑자기 댓글, 답글이 보이지 않아요. 댓글, 답글 조차 칠 수 없고요."
송구림,2022-09-14 06:43:36-07:00,1,0,유투브 정렬 오래된순 왜 없앰?,"정주행 안해봄 ?오래된순 없애서 밑에까지
내려가야되서 개 불편함 ㅡㅡ별 0개 주고싶다
빨리 내놔라 오래된순!!진짜 개 불편하니까"
유튜브 버퍼링 문제,2022-09-14 05:53:20-07:00,4,0,유튜브 스트리밍 버퍼링,저만 그런가 모르겠는데 유튜브에 있는 그냥 동영상은 재생되지만 유튜브 스트리밍 생방송은 버벅거리는 버퍼링?이 걸리면서 재생이 안되더라구요 이게 유튜브 문제인가 싶어서 일단 리뷰 적습니다
김요한이요,2022-09-14 03:05:50-07:00,5,0,이거 왜안되요,"아이패드9세대 로하니까 안돼요 제발이 문제 
제발 제발로 고쳐주세요 진짜"
2014마틀,2022-09-14 00:34:13-07:00,5,0,이런 좋은 앱이!,너무좋네요
기린이어린이,2022-09-13 22:39:41-07:00,5,0,최고의 앱입니다,잘돼요
claudiaPark,2022-09-13 19:24:48-07:00,5,0,찬미! 예수님,"늘 미사 후에 강론을 통해 깊이 성찰하고 있습니다
이해 안되던 부분을 이해할 수 있어
늘 감사드립니다"
ㅋㅋ커어머쟈야더ㅓㅇ,2022-09-13 18:18:09-07:00,2,0,영상추천 자막가림,영상끝나기 5초쯤 전부터 자꾸 추천영상이 화면에 가려 영상의 가장중요한 자막을 가립니다. 아직도 그 내용을 확인하지 못했는데 빠르게 수정부탁드립니다
신유_,2022-09-13 16:16:55-07:00,1,0,불편사항,앱도 너무 늘리게 깔리고 돈 안내면 광고도 진짜 너무 긴거 많이나오고 와이파이 있는데 로딩이 너무 많이 걸려요
쭐사마,2022-09-13 15:18:16-07:00,1,0,요즘 갑자기 이상해졌어요..,댓글들의 글씨도 안보이고 배경은 검정색에 글자들이 안보여요 저만 그런가요?
rkkdmfmm,2022-09-13 10:28:44-07:00,1,0,숏츠 야한영상,관계도중 촬영한 신음소리가 적나라하게 담긴 영상이 불특정다수에게 불쾌감을 주고있음. 검열 후 업로드가 가능한 방식으로 업데이트 바람
AdamHeo,2022-09-13 09:11:44-07:00,1,0,iphone mini 13 landscape mode bug,"no scrolling
please UI update 

아이폰 미니13 가로모드 옵션 스크롤 안되는 버그 있어요
UI 업데이트돔 해주세요"
페레레렐ㄹ,2022-09-13 07:30:33-07:00,1,0,쇼츠 댓글 안보임!!!!!!,쇼츠 보다가 댓글 볼라하면 안보이고 쇼츠 나가면 댓글창 뜸 왜그러냐?
베리몽블랑,2022-09-13 05:27:00-07:00,4,0,쇼츠가 너무 부적절하네요ㅜㅜ,"안녕하세요 . 저는 유튜브를 여러모로 애용하는 학생입니다. 
저는 유튜브로 인강을 볼때도 있고 쇼츠로 재미있는 영상을 볼때가 많아요 .
그런데 재밌고 유익한 내용도 많지만 저 처럼 청소년이 보기엔 너무 잔인하거나 야하네요 ㅠㅠ 
쇼츠말고 그냥 동영상 , 커뮤니티 같은 곳에도 부적절한 내용이 많은 것 같습니다.. 한 번 뜨면 계속 나와 저도 짜증이나서 자꾸 피해서 보고 , 한 번 나오면 지웠다 다시 설치하고 ... 이게 맞는 건지 모르겠네요 ...
유튜브 키즈로 깔아볼까? 했지만 거기엔 또 제가 찾는 것이 없어요 ... (아 .. 부적절한거 아니에요!) 그래서 좀 더 신경을 써주셨으면 해요 ...! 감사합니다"
minseo9,2022-09-13 04:41:40-07:00,2,0,광고좀,광고좀 그만넣어라 제발
계부장,2022-09-13 04:27:06-07:00,5,0,너무 좋아요!,승승장구!!!
JuuuuSilver,2022-09-13 04:06:02-07:00,4,0,쇼츠에서 댓글이 안눌림,지금 한 3번 정도 지웠다 깔기를 반복하는데 쇼츠를 볼 때 중간중간 댓글을 눌러보면 눌리지 않고 좋아요만 눌러짐
나나야내애,2022-09-12 22:14:46-07:00,1,0,애미리스들아,광고좀 적당히 처걸어라 진짜로다가
아아아아아악으악,2022-09-12 22:04:14-07:00,3,0,차단 채널,"채널을 차단해도 계속 뜹니다
보기 싫어서 차단하는건데 계속 떠서 불편하네요
차단하면 아예 안보이도록 개선해주셨음 합니다"
Y4KOBO,2022-09-12 20:28:08-07:00,2,0,Like-Dislike Ratio is not present?,Unacceptable. What if I am looking for a reliable information from video? How would I know if one video provides valuable information?  Scroll down and read comments?  What if there is no comments?  Look/find another way myself? Unfriendly developers.
urbanboidy,2022-09-12 17:12:47-07:00,5,0,좋은 어플,재밌어요
djducidosk,2022-09-12 09:34:59-07:00,5,0,광고 신고좀 접수해라,"야이개이새끼들아 ㅈ같은 야한 광고가 계속 떠서 계속 신고하는데 왜 바뀌는게 없냐
뭐 처리를 좀 해줘야 될거 아니냐
일좀 하세요 ㅈ같은 광고 어디서 받아쳐오지말고"
별명일까요,2022-09-12 08:59:53-07:00,2,0,요즘 유튜브 너무 마음에 안드네요,"요즘 쇼츠에서도 봤던 영상이 무한반복되며 계속 뜨질 않나, 건너 뛸 수 없는 광고는 왜 만든지부터가 궁금한데 못건너뛰는 광고가 20초이질 않나, 심지어 그것도 연속으로 붙어있고, 요즘들어 구글이 마음에 드는게 하나도 없네요. 줌도 유료화 쳐 시키고. 에휴 ㅉ"
세상의중심에 너홀로서라,2022-09-12 07:14:45-07:00,5,0,삶의 바이타민 같은 유튜브,"나는 유튜브를 즐겨본다  ㅡ 음악. 요리 보도 방송 등등 
너무 고맙게 생각한다"
별명중복이 아주 ㅋ,2022-09-12 03:51:59-07:00,1,0,광고 두개는 넘 많네요,"이어폰 끼고 다른거 하는데
광고 두개 나오니까 이제 광고나오면  두번 눌러야댐;;"
니얼굴응응,2022-09-12 01:49:32-07:00,5,0,오래된 동영상,오래된 동영상 순으로 보기 기능좀 살려주세요
Mokmala,2022-09-12 00:06:08-07:00,1,0,Badly biased,Badly biased
[]유애나,2022-09-11 23:58:51-07:00,3,0,프리미엄,"프리미엄 너무 좋은데...
제발 가격 좀 내려주세요,,
14000원 쓰고 사용하기엔 그만한 값어치를
안하는거 같은데 
그래도 폰껐을때도 재생 되는 그 기능이
너무 맘에들어서요,,"
냥이보라보라파워더쿠,2022-09-11 20:08:35-07:00,1,0,댓글 안보임,댓글이 안보임. 로그인도 했는데 안보임
리라123,2022-09-11 19:49:34-07:00,3,0,short 문제 제발 바꿔주세요!!!,"short는 그냥 생각없이 넘기고 내리고 하면 되니깐 너무 편해서 계속 보고 있었는데 자꾸 이상한 게 나옵니다... 뭔지 모르겠는 이상한 언어로 된 영상이 자꾸 뜨고요 제가 10대인데 이런 게 떠도 되는 건가 싶은 것들이 자꾸 나오고 있어요 다른 리뷰에도 이런 거 많네요 좀 고쳐주세요!!

그외의 기능은 잘 쓰고 있어요 ㅎㅎ"
아가나나카,2022-09-11 17:52:29-07:00,1,0,영상 재생실시후 2초 후부터 검은화면,영상 재생실시후 2초 후부터 검은화면으로 나옵니다.업데이트 하고부터 증상나옵니다.어플제거후 재설치해도 동일증상 나타납니다.
물똥주륵주륵뿌다닥,2022-09-11 08:49:50-07:00,3,0,유튜브귯~,광고 3개 짜증남 영상 들어가자마자 화질이 720으로 고정되어있어서 불편함 바꿔도 20초 있다가 바뀜 쇼츠 가끔 가다 어떤 미친놈이 채널에 영상을 도배해놔서 계속 한영상 뜰때 있음 도배러들 좀 잡아줬으면 좋겠음
mazexmj,2022-09-11 07:39:11-07:00,1,0,동영상 오래된순 정렬,채널 동영상 오래된 순으로 정렬하는 거 왜 없애나요? 업뎃 때 꼭 반영해주세요. 프리미엄 걍 끊어버리고 싶어짐
별명 ㅆ ㅣ ㅂ ㅏ,2022-09-11 05:44:31-07:00,1,0,일이나 해,광고 작작 처넣으세요 영상 한개에 뭔 광고가 2개인가요 양심 없으세요? ㅆㅂㅅㄲ
Munibabdul,2022-09-11 05:30:39-07:00,5,0,Nice,Amazing
션한 바람,2022-09-11 01:03:40-07:00,5,0,일상생활에 도움돼요,"아픈 것도 유튜브보고 운동해서
고치고 염색할 때 등등
유튭없이 못 살 듯."
뀨규귯,2022-09-10 21:28:34-07:00,4,0,대체 어째서,"대체 왜때문에
어플 켜고나서 처음 들어가는 동영상(재수없으면 여러 개)
화면이 안보이고 소리만 나오나요?
노이로제걸릴것같아여"
유튜브 응원해요,2022-09-10 17:24:22-07:00,5,0,실패작,유튜브 쇼츠에 실패작 이라는 영상들이 있는데 자살하는겁니다.어린아이들도 찍는데 그런 자살이라는 뜻을 그렇게 아는건 맞지 않다고 봅니당!개선 부탁해요!유튜브 파이팅!!!!!
볼록볼록 애이치자 뜨르륵 올와이,2022-09-10 17:21:52-07:00,3,0,17새에요ㅠㅠㅠ,원래는 17새가 아니어야 하는데 17새에요ㅠㅠㅠ. 어풀나이 설명에서 17새 이상 어풀들에는 17새가 돼야지만 이 어풀을 다운로드 받을수 있다고 써있어요. 왜 17새인지는 모르겠어요. 바꿔주세요.
아따징합네,2022-09-10 09:33:14-07:00,1,0,쇼츠 추천안함,"쇼츠보다가 잔인한 차사고영상 추천안함 누르는데
왜싀발 자꾸 차사고영상들이 내 쇼츠에 쳐나오는데"
극딜 초가스,2022-09-10 09:30:39-07:00,1,0,광고에 미친거같음,ㄹㅇ
김일등,2022-09-10 07:27:42-07:00,1,0,자꾸 리뷰시캬서 별하느줌,띄우지좀마셈
품앗이런,2022-09-10 07:23:22-07:00,1,0,유튜브 쇼츠,쇼츠보다가 너무 잔인한 영상을 봤어요 진짜 타자로 치기도 싫을만큼 잔인해요 너무 짜증나고 화나요 사람 관련된 영상이였는데 이런 영상이 뜨도록 나두는게 정상이에요? 도대체 저런 영상이 왜 돌아다니는거죠? 정신적 트라우마 생길것같아요 관리를 하는건지 마는건지 장난도 아니고 다양한 연령대가 보는건데 제발 개선 좀 하세요
앱쳥가단,2022-09-10 07:01:23-07:00,1,0,IOS 유투브 업뎃 바랍니다 -_-,다른 영상 과의 음성 겹침현상과 키보드 안나오는 현상…..
따웅치,2022-09-10 06:25:50-07:00,5,0,유투브 GOOD,"Good ~~
최고 입니다"
sabeoma,2022-09-10 06:15:28-07:00,2,0,검색 기능 왜 이 모양이 됐냐?,검색을 하면 전혀 쌩뚱 맞은 영상을 띄워;; 정신차려 유튜브 놈들아
야하로힛키,2022-09-10 03:00:58-07:00,5,0,최고의 앱,영상을 보기에 최고로 좋습니다ㅎㅎ 매일 쓰고 있어요ㅎㅎ
장영교통,2022-09-10 01:42:34-07:00,3,0,有點,유튜브 만세!~
느그집밥도둑,2022-09-10 00:06:19-07:00,1,0,광고가 기본 2개네 ㅋㅋㅋ,빨리 유튜브 대체 앱이 나오기를 바랍니다
비누ㅑ짐ㄷ,2022-09-09 22:58:58-07:00,3,0,광고가 너무 많아요,진짜 너무 많아서 개빡침
그아아아앗,2022-09-09 22:07:46-07:00,1,0,영화 연령제한 문제 해결 언제하냐,영화 시작 전에 나오는 영상 재생이 안되서 사놓고도 볼 수가 없네 장난하는것도 아니고
륧슗쁋뜛,2022-09-09 21:04:52-07:00,1,0,광고나올때 밑에 X창이 안눌러짐,"원래 영상 틀고 광고 나와도 댓글 먼저 보는 재미가 있었는데 X창이 먹통이라 그러지도 못함
근데 광고는 또 개길어서 좀 그렇네여
ㅋㅋㅋㅋ.."
흔남 팬,2022-09-09 19:27:00-07:00,2,0,싫어요 기능 없애주세요,싫어요 기능 없애 주시면 안될까요??
ㅕ억,2022-09-09 15:23:58-07:00,1,0,ㅅ,내 조회수 돌려내 시발아 별점 1점 주기도 아깝다
준구다,2022-09-09 08:22:05-07:00,5,0,좋음,좋음요
흑나팔,2022-09-09 07:32:11-07:00,3,0,Good!,Liberty
ㅋ!231ㅋ,2022-09-09 06:21:28-07:00,1,0,선정적인 광고 좀 올리지 말길..,앱을 열기가 민망할 수준 광고 좀 올리지말자
wow2002r,2022-09-09 06:15:42-07:00,5,0,24시간중 10시간은,10간의 재미를 보장하는 어플 10시간 이상이될수도있음
수능 앞 둔 고삼,2022-09-08 23:48:35-07:00,5,0,제발 화면 작아지는것좀 고쳐줘요,아니;;원래는 광고스킵 누르면 작아졌는데 이제는 화면 크게보기 안하면 항상 왼쪽 위에 작게 화면 떠가지고 진짜 개불편해요;; 근데 오히려 불편해서 유튜브 끊을 수 있을 거 같으니까 안고쳐도 될듯
네버런트,2022-09-08 22:22:43-07:00,5,0,감사합니다,감사합니다
동굴 속의 호랑이,2022-09-08 20:14:19-07:00,5,0,전세계 영상들을 볼수있어서 좋네요,"저는 올해 4월에 아이폰 산 유투브유전데
시스템이 엄청 좋습니다."
Mcpark1,2022-09-08 19:39:24-07:00,3,0,광고가 너무 너무 많구,"시간이 너무 길구 보다가 짜증이 나네요 
갈수록 더 늘어나는듯 ㅠㅠ
광고 조절이 필요할듯"
재디,2022-09-08 19:06:58-07:00,5,0,좋아요,잘 보고 있어요^^
좈아,2022-09-08 16:20:36-07:00,1,0,왜 갑자기 영상보는데 화면 까맣게 되요?,프리미엄이라 광고 때문도 아니고 그냥 보다보면 화면 까맣게 되고 소리만 나오는데 버그?
T3 망하지마,2022-09-08 15:58:27-07:00,1,0,화면짤림 버그 수정 요청,어느 순간부터 업데이트후 유튜브 전체화면 시청중 광고가 나타나서 광고를 보고 원래보던 영상이 나오는데 화면이 짤려서 작은 화면처럼 나옵니다 실험을 해보니 다른건 괜찮은데 광고시청 종료시 일어나는 버그입니다 참고로 아이패드 프로 10.5 입니다 확인 부탁드립니다
",!?.,ㅡ",2022-09-08 09:58:56-07:00,1,0,오류,광고지나가면 전체화면인데 화면작아지는 오류. 계속 오류수정했다고 하면서 안고쳐지는건 뭔가요? 어이가없네요..
한국더럽사랑,2022-09-08 09:08:47-07:00,1,0,렉카충좀 안보고싶어요,신고하면 영상을 없애주던가 아니면 렉카충들한테 제재를 가하던가 아니면 필터기능을 개발해서 아에 안뜨도록 좀 해주세요!!! 자극적인 영상이라던가 연옌 까는 영상 보고싶지않습니다
고쳐주라거,2022-09-08 07:50:59-07:00,1,0,돈에 미쳤구나,"광고 갯수며, 영상 팝업창 종류며 프리미엄 구독하거나 광고만 봐라 이건가 ㅋㅋㅋㅋㅋ"
우람 김,2022-09-08 06:36:46-07:00,5,0,역사상 ( 인류 탄생 이후 ) 견줄 수 없는 동영상 ( 음향 포함 ) 컷,인류 최고 업적 가운데 걸작 가운데 하나 YouTube 앱 ( app ) : 진심 감사드립니다
이투스 화이팅,2022-09-08 05:37:18-07:00,3,0,유튜브 프리미엄의 장점이 무엇인가요,"재생목록에 저장해놓은 동영상을 재생시켜놓고 화면을 끄면 영상이 자꾸 멈추네요… 로딩은 되는지, 화면을 켜면 갑자기 영상이 거의 10배속으로 재생되고.. 에어팟을 끼고 사용해서 이러는건지 왜인지 모르겠어요. 화면를 닫아둔 상태로 영상을 즐길 수 있는것 프리미엄의 장점 아닌가요… 멈추면 다시 재생하려고 자꾸 유튜브를 다시 들어가야하는 고생을 해야하네요;;; 자꾸 이러면 다음달부터는 프리미엄 못쓰겠어요."
실행이언되잖아,2022-09-08 04:18:58-07:00,1,0,쇼츠 안보고싶은데 홈에 뜨는거 싫어요.,아예 안 보게 쇼츠 차단기능 좀 넣어주세요. 일반동영상만 보고싶어요. 유튜브 앱 들어가자마자 쇼츠썸네일들 주르륵 뜨는거 꼴 보기가 싫어요 ...; 틱톡 따라하는건 알겠는데 싫은 사람도 있으니까 좀 안볼수있게 해주세요.
대갈성준,2022-09-07 22:07:43-07:00,1,0,아이폰 13프로 검은화면 재생되는거 고쳐주세요,2-3번 중 한번은 꼭 검은화면으로 소리만 들리고 영상이 안보이는 버그가 계속 있는데 안고치시나요? 프리미엄 쓰고있습니다
WangLeeWang,2022-09-07 22:03:41-07:00,4,0,유튜브 최고입니다,유튜브 최고에요
imjmwdpboss,2022-09-07 17:47:00-07:00,1,0,화면 작아지는 버그,아이패드 화면 작아지는 버그 제발 고쳐줘요 ㅠㅠ
ㅈㄷㄱ숄ㅇㅇ,2022-09-07 11:03:26-07:00,1,0,광고 후 화면 크기 줄어드는 버그,전체화면으로 보다가 광고 끝나면 화면 크기 줄어드는 버그 거슬리네요 몇 주 된것 같은데 아직도 안고치네
승9다,2022-09-07 10:57:47-07:00,5,0,오류 개선,"핸드폰으로 볼때는 괜찮은데 아이패드로 볼때 전체화면에서 광고를 보고나면 영상이 작아집니다 고쳐주세요!

현재 9월6일 고쳐지지않았습니다"
대장송이,2022-09-07 08:06:09-07:00,3,0,아이패드 가로로 세워놓고 영상보는데 광고가..,광고가 끝나면 화면이 풀 화면이 아니라 다시 작은 플랫폼 화면으로 넘어가는데 이거 제 기억으론 3주 정도 된 것 같은데.. 매번 다른 거 수정하면서 이런 것도 수정을 좀 해주세요
대치동 쵸코맘,2022-09-07 07:01:12-07:00,2,0,광고 만땅,"광고가 너무자주 많이 나오고 끝없이 나와서  짜증 납니다  
 관심없음으로  내보낸 것들은  또 안봤으면 합니다"
하얀이불,2022-09-07 06:56:48-07:00,1,0,"버그 개선 언제되나요,,,,아이패드 광고 후 화면 작아짐","업데이트 했는데도 개선이 안되네요.........중간중간 광고나오면 진짜 불편해요

전체화면으로 시청 중에 광고가 나왔다 끝나면 영상 크기가 도로 작아져요. 여백은 모두 검정화면이고요. 버그 개선 시급해요"
오오클리,2022-09-07 06:33:29-07:00,5,0,굳,굳
호루호오로슈,2022-09-07 04:39:17-07:00,1,0,쓰래기,ㅇㅇ
민지는못말려,2022-09-07 03:54:18-07:00,5,0,일본 광고,왜인지는 모르겠지만 광고가 뜰때 몇일 전 부터 계속 일본 광고가 뜨는데 제 폰이 이상한가요..?
우우우우우우우ㅜ우우우우우우우,2022-09-07 03:04:26-07:00,3,0,아이패드 환경에서 버그.,아이패드로 유튜브 영상을 전체화면으로 보다가 광고가 재생되고 나면 까만 배경은 전체화면처럼 보이는데 영상 자체는 일반화면 크기와 위치라서 광고 후 영상 계속 시청하려면 그때마다 화면 크기를 바꿔줘야 합니다. 저만 그런 현상이 일어나는지 버그 수정 업데이트라고 해서 업데이트 했는데도 고쳐지지 않네요
아ㅐ우얃,2022-09-06 22:38:42-07:00,1,0,쇼츠,음란물 단속 좀 해요 보기 민망한 영상이 많아요
한국인😄,2022-09-06 20:53:41-07:00,5,0,Very good!,I’m satisfied with that.
chace_lee,2022-09-06 19:19:36-07:00,1,0,중간광고후 영상이 까맣게 잘림,중간광고후 영상이 까맣게 잘림
도킬,2022-09-06 18:29:19-07:00,1,0,화면 작아지는 오류 수정 좀,"영상 시작하면 영상화면의 1/4밖에 안보여요 
전체회면 눌러야 원래대로 돌아오고
광고 넘기고 오면 또 화면 1/4만 보이면 답답"
첼시이승우,2022-09-06 16:19:52-07:00,1,0,ㅈ같음,ㅇㅇ
리뷰를 잘 안남기는 익명,2022-09-06 16:07:11-07:00,3,0,리뷰,광고가 너무 많이 나오는 점만 빼면 정말 좋아요
기로로로,2022-09-06 13:53:13-07:00,1,0,영화재생불가,"새벽에 영화보려고 구매했는데 재생이 안돼서 1시간 반 넘게 쩔쩔매다 짜증나서 환불하려니 환불도 안되고 고객센터 연결도 안되고 뭐하자는건지 모르겠네
앱삭제하고 앱정리하고 다시깔고 패드 껐다키고 다해도 안됨 영화 환불을 해주던가 영화를 나오게 하던가 하세요"
Lucas_Park,2022-09-06 07:14:17-07:00,5,0,닥스~ 닥치고 조C 스윙처럼!!,열독하겠습니다.
랎픖,2022-09-06 06:16:31-07:00,1,1,광고,"광고 선 적당히 쳐넘으셈
무슨 스킵도 안되는 15초짜리 두개를보게하냐?
학생들은 유튜브 프리미엄 사기에 부담스러운 금액인데 생각안함? 초심 좀 찾아라"
천택,2022-09-06 05:24:46-07:00,1,0,또 버그,"광고 나올 때 밑에 팝업 x가 안눌립니다.
제발 쓸데없는 업데이트 하지말고 버그 좀 신경써주세요"
으하오어,2022-09-06 05:04:58-07:00,5,0,유료 결재한 영화 재생이 안됩니다 (신동사 덤블도어비밀),신비한동물들과 덤블도어의 비밀 재생이 안됩니다!!! 만육천원 주고 유료 결재했는데 앱에서 재생이 안돼요! 영화에 댓글 확인해 보세요 지금 거기 재생 안된다고 다들 난리인데 개선 안해주시나요. 피씨에서 인터넷 통해서 들어가면 재생이 되는데 왜 앱애서는 안되냐요 앱 개선해주세요 유료 결재까지한건데 이러니 정말 화나네요
애플>>>>좃성,2022-09-06 03:38:09-07:00,2,1,아이패드 12.9 프로 5세대 전체화면에서 광고시청후에 버그있음,"전체화면에서 광고시청후 전체화면인데 작은화면으로 재생됌....
프리미엄구독하라고 개수작부리는거 같음 ㅋㅋ"
푸푸 인형,2022-09-06 00:14:05-07:00,5,0,ㅓㅈ,논
JulietRin,2022-09-05 23:51:27-07:00,5,0,좋아요 하하하,잘 쓰고 있어요 하하하
Mongbe,2022-09-05 23:41:49-07:00,1,0,크롬 유튜브 링크 전환 불가능,크롬에서 유튜브 링크를 앱으로 열고싶은데 전환이 안됩니다. 현재 보고있는 유튜브 동영상 페이지도 앱으로 열게해주세요
hnk09,2022-09-05 23:17:53-07:00,1,0,유튜브 숏츠,"유튜브 숏츠를 자주 보는 사람인데요.
끊김과 넘길 때마다 느려져서 한참 뒤에나 재생 돼요
제발 좀 고쳐주세요 와이파이 문제 전혀 아니고 데이터 써도 똑같구요 유튜브 자체 문제 같은데 제발 좀 고치세요. 답답해서 숏츠를 안 보게 돼요 유튜브도 마찬가지로 재생속도가 많이 느려져서 답답하네요. 프리미엄을 쓰고 있는데도 그러니 짜증나네요"
도르시아,2022-09-05 18:50:27-07:00,3,0,아이폰 13프로 사용중인데...,4k영상화질 2160p올려진거 볼때 영상보다가 멈춰여ㅜㅠ 영상설정에서 1080p 화질낯춰서 보면 문제없이 재생되는데 버그인가여?
잡았다 도용!,2022-09-05 17:00:10-07:00,1,0,유튜브 프리미엄,가격인하 해줘
ㅂ ㅏ ㅇ,2022-09-05 10:56:38-07:00,5,0,카톡에서 유튜브연결,앱으로 바로가능하게해주세요
비아예,2022-09-05 07:40:14-07:00,2,0,"쇼츠, 믹스 등","쇼츠는 솔직히 보고 싶지 않은데 탭에 억지로 넣어둔 게 짜증납니다. 차라리 설정에서 쇼츠를 끌 사람은 끄고 볼 사람은 보도록 해줬으면 좋겠어요.

그리고 무슨 내 취향에 맞춰서 믹스 동영상을 목록으로 멋대로 만들어서 관심없다고 해도 스크롤 좀 내리면 또 다른 목록들 생성되어 있고 이거 되게 짜증납니다. 다른 영상들이 나올 수 있는데 쓸데없이 자리 차지하고.. 필요없는데 왜 자꾸 생성하는지 모르겠어요."
이윤지ㅡㅡ,2022-09-05 07:31:11-07:00,1,0,쇼츠 멈춤,쇼츠 재생 멈출 때마다 어두워지는 거 개짜증나요 왜 업데이트를 더 안 좋게 한건지.. 잘 안 보이는 게 있을 때 더 자세히 보려고 멈췄는데 어두워져서 보이질 않음 ㅋ 킹받아요 ㅋ킹ㅋ인킹킹
나는 오른손잡이아,2022-09-05 07:23:59-07:00,1,0,화면 작아지는 버그,이미 많은 사람이 컴플레인 걸었고 시간도 되게 오래 지났는데 왜 안되나요 어이가 없네요
신네리환타,2022-09-05 01:35:38-07:00,2,2,전체화면에서 광고보고 오면 다시 작아져서 플레이됨,"아이패드 미니6 전체화면으로 감상하다가
광고 플레이 하고 오면
원래 영상이 전체화면이 아닌 사이즈로 플레이됨
앱은 전체화면으로 인식하고 있고 나머지 부분은 블랙
다시 아래로 그래그 해서 원래 화면으로 가면
블랙부분에 재생목록이나 댓글 등이 다시 나오고 
위로 드래그 해야 다시 전체화면 사이즈로 됨
알아서 고치겠거니 하고 있었는데
너무 안고쳐져서 댓글 남김"
고양이의명상,2022-09-05 00:49:46-07:00,4,0,업데이트 이후 구독에서 즐겨찾기 목록 없어짐,구독란에서 별도 즐겨찾기 목록을 만들 수 있었는데 최근 업데이트 이후 기능 없어짐.. 되게 편하고 좋았는데 없어짐. 해당 내용은 업데이트 내용에 없음. 잠수함 패치??
안녕안녕ㅎ안녕빨리고쳐줘어떻게해야넘어가이거,2022-09-05 00:34:38-07:00,5,2,아이패드 광고나온 후 화면 작아짐,유튜브라는 어플을 좋게 보고 있고 또한 재밌게 보고 있습니다 하지만 요즘 핸드폰이 아닌 아이패드로 볼때마다 광고가 전체화면으로 본 뒤 건너뛰기를 하면 화면이 작아져 매우 불편합니다 버그인 것 같아서 지웠다가 다시 깔았는데도 그대로였습니다 별점 1개 주면 보지도 않을 것 같아 5개 드립니다
푸커헝,2022-09-04 23:13:29-07:00,5,0,블루투스 기기 연결 오류,"블루투스 기기 연결하면 
에어팟프로, 소니 블루투스, 현대차량블루투스 등

자꾸 재생 오류가 걸립니다.
고쳐주시면 감사하겠습니다"
우우우우웅우우우우우,2022-09-04 20:58:24-07:00,5,0,유튜브 프리미엄 오래 사용후기,"이제는 프리미엄 없이는 못살아..
근데 너무 비싸다는 생각이 들어요 혜택을 더 주시면 
평생 쓸게요"
카리나90,2022-09-04 20:51:56-07:00,4,0,좋음,괜찮아요
염장날려네,2022-09-04 18:05:07-07:00,5,0,추가 건의,"PIP모드에서 오프라인 저장한 영상을 볼경우 PIP모드 활성화가 안됩니다 이전에는 됬었는데요

될수 있도록 조정 해주세요"
새벽엔잠좀자라,2022-09-04 17:02:50-07:00,5,1,i pad pro 11인치 유튜브 전체화면 오류 수정좀요,유튜브 전체화면시 가끔가다 화면이 검은색으로 확대가 되는 오류가 많습니다
달라이뮤이,2022-09-04 16:25:05-07:00,2,1,업로드하고나서 문제발생,"아이패드로 시청중인데 전체화면으로 보다가
광고후 본영상으로 넘어가면 화면이 축소되있습니다
이게 상당히 불편하네요
수정해주세요 :("
"뭐 이런...,",2022-09-04 15:29:42-07:00,4,0,아이패드 가로모드,"아이패드에서 가로모드 고정으로 
광고후 전체화면 해제현상 발생
버그수정 요청합니다"
푷ㅍㄹㄹ퓨,2022-09-04 09:44:10-07:00,1,1,유튜브 시봉봉,광고 ㅈ같네 ^^
낌초록,2022-09-04 08:40:43-07:00,5,0,원하는대로 보고싶은것을 취향에 맞춰 볼 수 있는 어플 최고!!,제곧내입니다 ㅎㅎ
앙ㅇ아아이아아아앙브힉,2022-09-04 08:20:48-07:00,1,0,유튜브 망할 것들아,1일만에 조회수 1.2 천회 찍어놨더니 800대로 깎아버리네 구독자 오류도 개심하고 댓글 오류도 완전 심하던데 일 안 하냐? 튓통수 조심해라 ㅋㅋ
로로로오오오로롤,2022-09-04 07:20:48-07:00,1,0,패드로볼때 광고 버그,패드로 볼때 광고끝나면 화면 이상하게 줄어들어요 버그 수정좀;;
중디,2022-09-04 05:48:10-07:00,1,1,전체화면 버그 빨리 좀 고쳐졌으면,"아이패드 7세대 쓰고 있는데
이 모델만 그런건지 다른 모델들도 그런건지는 모르겠고
전체화면으로 재생 중에 광고가 나온 후 광고 종료되면
전체화면 상태인데 전체화면이 깨지고 일반화면으로 송출되고
일반화면으로 돌려서 다시 전체화면으로 전환시켜야 하고
이런 식의 버그가 계속 남아있음
버그 수정 됐다고 떠서 업데이트만 3~4번 넘게 한 것 같은데
왜 아직도 그대로인지 모르겠음
이거땜에 개빡침
광고만 안나오면 버그 걸릴 일이 없는데
혹시 이거 프리미엄 결제 시키려고 수작질 하는건가"
한성식,2022-09-04 05:45:15-07:00,1,0,말장난 업데이트만 그만하고 PIP살려내,뭔 고집으로 PIP기능을 안넣는거여?
게임 하고 행복해진 사람,2022-09-04 03:51:17-07:00,4,0,왜 쇼츠 영상 제작이 안되죠?,"저는 짫은 쇼츠영상을 만들고 있었는데 확인을 눌러 영상을 민들려 해도 쇼츠 영상만 제작이 안됩니다;;
그래도 다른 점은 다 좋으니까 별 4점 드리겠습니다.
제발 버그 고쳐줘요."
bvbnxczx,2022-09-04 02:58:58-07:00,1,0,영상 끝나고 관련 링크 영상 뜨는거 좀 없애주세요;;,영상 끝날때 다른 관련 영상 몇개씩 화면에 겹쳐서 떠서 끝까지 보기가 힘들어요 제발 좀 고쳐주세요 ;
m1 11inch,2022-09-04 01:47:25-07:00,1,0,광고및 다른 행위후 영상의 크기 안맞음,"전체화면이면 일반화면급으로
일반화면이면 같은비율로 화면이 줄어듬 
업데이트 두번 할 동안 이게 안고쳐졌다는거도 웃긴일임"
제껄로 추천인,2022-09-04 00:26:39-07:00,3,0,아이패스 화면,"아이패드 12.9 화면 광고후
작은 화면으로 전환되어 
검은 바탕이 보입니다

삭제하고 깔았지만 여전합니다
개선 바랍니다"
즈자주즈,2022-09-03 23:53:47-07:00,1,0,화면속화면,갑자기 안돼요
귀한족발용산점,2022-09-03 21:46:07-07:00,5,0,good,good  but i expect to share profit.
너누덩야애ㅣㅣㅇ2,2022-09-03 21:13:47-07:00,2,1,버그 수정 좀,아니 카페인 과다충전 그런거나 하지 마시고 유튜브 버그나 좀 수정하세요 화면 광고 보고 나서 계속 작아지는데 너무 귀찮고 짜증나요
913913 dhk,2022-09-03 20:20:21-07:00,5,0,유튜브는 내친구,유튜브코리아 화이팅
Uk065544,2022-09-03 19:05:40-07:00,1,0,교활한 전산수법 입력,영상보고 나오면 클릭한 위치보다 훨씬 아래로 이동
노오ㅓ접,2022-09-03 18:59:41-07:00,3,0,이거 하나만 좀,"댓글 미리보기 기능 좀 없애세요
그거 땜에 스포가 되네요 ㅠㅠ
이거 하나만 조금 없애주시면 좋을 것 같아요 ❤️"
수박은맛있어. 귤이더맛나게맛있어,2022-09-03 18:02:18-07:00,5,0,넘좋음,"저는유튜브을매일3시간동안봐요
그레서리뷰써요"
게임 유조,2022-09-03 17:28:49-07:00,3,1,광고,광고가 너무 많이 나와요
wonderkite,2022-09-03 17:12:39-07:00,4,0,PIP 기능 제발 다시 넣어줘요....,PIP 제발ㅜㅜ
엄갓,2022-09-03 09:55:55-07:00,3,1,아이패드 오류,아이패드 전체화면으로 보다가 광고가 끝나거나 건너뛰기를 하고나면 화면이 작아지는 오류가 발생하고 있습니다. 기기 오류인가 해서 앱을 지웠다 깔아보기도 하고 업데이트도 확인해보기도 하였으나 대부분 아이패드에서 오류가 발생하고 있다고 하니 빠른 시일 내로 조치를 취해주시길 바랍니다.
그지같음 브롱 스타즈,2022-09-03 08:59:54-07:00,4,1,아이패드 유트브,"유트브 정말 좋은데 중간에 광고 나오고 끝나면 영상이 전체화면에서 축소 화면이 됨,또한 영상 시청하다가 앱을 나갔다 다시 들어오면 영상이 검은색이 됨"
그린F5살균멸균전문기업,2022-09-03 08:44:50-07:00,5,0,나의건강방송,"힘들때 스트레스 풀어주는 보약방송입니다
감사합니다"
환불요청녀,2022-09-03 08:03:16-07:00,5,0,구독 환불 해주세요,모르고 구독 취소를 못 했는데 다음 달 돈이 나갔어요 ㅠㅠ 제발 취소해주세요 14000원이요 한 번도 안 썼습니다.
🥶😱,2022-09-03 07:17:03-07:00,1,1,진짜 광고에 미친놈들이냐?,아이패드 화면 작아지는오류는 뒤지게 수정 안 하면서 광고 스킵 못하게 하는 업데이트는 잘도 내놓네 어떻게든 프리미엄 유도 할려는 꼬라지 보이니깐 더 해주기 싫네
피눈물샤워,2022-09-03 06:57:10-07:00,1,0,프리미엄 갱신했는데 왜안돼,갱신해줘라
아콰웨이,2022-09-03 06:07:02-07:00,1,0,유튜브 평가,"은근 유익한데 광고가 너무 길고 많아요.
프리미엄 결제는 못해서 짜증나요."
진짜 할거없을때 할만함,2022-09-03 04:37:40-07:00,3,0,링크 클릭하면 연결이 안돼요,아이폰도 이제 한물 갔네
s릴리s,2022-09-03 04:37:23-07:00,2,0,제발 수정 부탁드립니다.,"1. 나중에 볼 동영상 자동 재생 너무 불편합니다. 한 영상이 끝나면 다음 영상으로 자동 재생되는 것이 너무 불편합니다. 댓글 보고 있는데 다음 영상이 바로 나와버리네요. 자동 재생 옵션을 선택할 수 있게 해주세요. 
2. 눕혔을 때 댓글 보이는 업데이트 다시 수정해주세요. 화면 크게 보려고 눕히는건데 댓글창이 그대로 있어서 꺼줘야 되는 불편함이 생깁니다. 원래대로 해주세요.
3. 가로 시청 중 재생 속도 조절시 오른쪽 상단 설정 버튼 누르면 재생 속도 메뉴가 바로 나왔으면 좋겠습니다. 신고, 고객 센터 같이 잘 안 들어가는 메뉴가 위에 차지하고 있어서 스크롤 내려서 재생 속도를 찾는 것이 불편합니다."
ㅎㅌ러컿터,2022-09-03 04:04:47-07:00,5,1,영상크기,"아이패드로 영상을 보고있다가 다음영상으로 넘어갈떄,광고가 나온 직후 화면이 작아집니다.전체 화면으로 보고 있으면 전체 화면이 아닌 크기의 화면으로 작아집니다."
맥가이버8,2022-09-03 01:09:23-07:00,5,0,늘 감사 합니다,당당한 지식 쉼 유익 흥미 진진 합니다
kejwjsjwkw,2022-09-03 00:33:50-07:00,5,1,광고 후 화면 작아짐,"전체화면으로 영상 시청 시 
광고가 끝나면 전체화면이 유지되는게 아니라 화면이 작아집니다..  화면 주변 남는 공간은 다 검게 보이구요 
앱을 삭제시킨 후 다시 켜도 똑같습니다"
해줘제발,2022-09-02 22:27:55-07:00,1,0,돈에 눈이멀었구나,유투브가 확실히 돈에 눈이멀었구나ㅋㅋ다른플랫폼이랑 같은 길을 가겠군
셔리초코,2022-09-02 18:29:55-07:00,3,1,아이패드사용자,중간광고 끝나면 전체화면 크기에서 작은화면 크기로 전환되서 상당히 불편함. 개선바람.
Kkuni93,2022-09-02 17:49:05-07:00,1,0,광고실화?,이젠 광고 3개나 봐야 영상볼수있네;;
churjgyjg,2022-09-02 16:51:27-07:00,5,0,유튭 사랑해요,유튭 사랑해요 제 채널 떡상좀 해주세요.알고리즘신님 부탁해
석회봉지,2022-09-02 16:41:12-07:00,1,0,이젠 15초 짜리 스킵도 막어놨냐?;;,한심하다 이 돈독오른 놈들아 언젠가 상위호환의 경쟁자 나타나서 빌빌거리다 망했으면 좋겠네
빡친리뷰어,2022-09-02 13:19:40-07:00,3,0,누구 쳐먹는 영상좀 광고로 내지 마세요.,디지게 못생겨서 뭔 최고 닭가슴살이다~ 쭵쭵쭵 이어폰 끼고 듣다가 토나올 뻔 했어요 asmr이딴거 난 듣고싶지 않아오 역겨워요 살려주세요 제발 광고 가려받으세요 여러분들은 운이 졸으십니다! 패고싶어요 에버테일 무서운 게임광고 작작 받아요 돈 좋은거 아는데 상도덕은 지키십시다 오히려 괘씸해서 프리미엄 사고싶지 않음
마아주텋얼,2022-09-02 09:51:53-07:00,1,0,아이폰 pip 모드 안돼요,"유툽 유료결제 사용중임 업데이트 이후로 이럼 ㅡㅡ 
뭔 어플업뎃도 안되네 이제"
알람 안,2022-09-02 09:42:11-07:00,1,0,광고때문에 알람이 안울립니다,"광고가 바로 밑에 있어서
아이폰을 쓰고 있는데 잠결에 모르고 광고를 누르면 
아침에 울려야하는 알람이 안울리더라고요
이것 때문에 직장에 늦게 출근하는 경우가 많아
잠들 때 백색소음이 필요한 저는
다음 날 불안한 마음으로 일어나서 출근을 합니다
광고를 싫어하는 건 아니지만
광고 때문에 알람이 왜 안울리는 지도 모르겠고
너무 불편해서 안쓰고 있는데
매번 이렇게 알람이 안울리니 불편하고 
왜 안울리는 지도 모르겠습니다
피드백 해주세요"
기기지지직,2022-09-02 07:52:07-07:00,1,0,광고 진짜 미티셨어영?,30초 광고가 말이 되엉? 프리미엄 결제 하라고 하는데 응 절대안행~ㅋㅋ메롱
sh0106,2022-09-02 06:33:54-07:00,5,0,영상화면 크기 에러,아이패드로 유튜브 볼 시 처음에 전체창으로 하고 광고 시간이 지나고보면 화면창이 꽉 차있지 않고 4분의 1만 되는 현상이 계속해서 발생합니다. 다시 창을 내리고 켜야 그때서야 전체창이 되는데 이 불편함을 해결해주세요.
anfnr78,2022-09-02 05:28:00-07:00,2,0,광고가 나오고,"화면이 비정상적으로 나와요 큰화면으로 시청하고있었으면 광고가끝나고 소형으로 크기만바뀌고 옆이 검은색 공백이 생겨요 ,,,"
후루루룰룰룰루,2022-09-02 02:54:18-07:00,5,0,Qr코드를 통해 들어갈 시 전체보기가 되지 않습니다,"아이패드 프로 11인치 2세대입니다
한번 뒤로 가서 영상을 최소화한 후 다시 들어와야 전체보기가 됩니다"
게임명인,2022-09-02 01:46:56-07:00,1,0,제발 좀 고쳐주세요,광고 시청 후 화면 작아지는 현상 좀 고쳐주세요 몇주째 방치하나요
유정 💧,2022-09-02 01:10:51-07:00,3,0,아이패드 사용시 화면 축소 문제,일단 아이패드 에어4 사용중이고 리뷰를 보니 저만 그런게 아니던데 뭐 고칠 생각이ㅜ없으신건지 아니면 모른 척 하는건지 빨리 고쳐졌으면 좋겠어요 중간광고 넘어갈때나 다음 영상으로 넘어갈때 광고 나오면 그렇게 됨
메모네모,2022-09-01 23:29:39-07:00,3,0,유용한것에 비해 활용하기 어려움. 피드백 적용되고 있는지 의문.,"모자이크가 필요할법한 영상이 갑자기 띄어짐.
신고를 해도 비슷한 영상이 띄어지며,
댓글을 보면 신고를 했다는 댓글이 많이 보임에도 불구하고
조회수와 좋아요의 수치가 높음, 이미 많은 사람들에게 노출됨.

영상을 일일이 재생목록에 추구하는 것도 좋지만
해시태그를 구독하거나 구독한 채널들로 분류할수 있는 기능이 없어,
아이디별로 개인이 분류한 채널들만 구독하지 않는이상
구독한 채널이 많은 경우 업로드되는 영상들을 원하지 않거나 불필요한 게시글까지 그대로 노출되어 본래의 목적대로 활용하기 어려움.
해시태그 검색 기능까지 있으면서 기존의 재생목록이나 구독개념처럼 해시태그를 재생목록 상단에 같은 기능으로 넣어준다면, 본래의 목적에 따라 활용하는데 효과적일 것."
해피바스 포에버,2022-09-01 23:23:44-07:00,3,0,프리미엄 결제가 두번 됐어요,"결제가 두번됐어요 
환불해주세요"
권명이나물,2022-09-01 18:42:51-07:00,1,0,광고 선좀 넘지마 진짜 폭발하기 전에,"5초를 넘어서 6초, 10초, 15초..진짜 뒤진다 유튜브 심지어 스킵도 안되게 넣어 놓은 광고도 있더라??  폭발 직전이니까 조치를 취해 놔"
에엑따123456789M,2022-09-01 17:36:15-07:00,1,0,나는바나나우유다,1
팥빙수마니아,2022-09-01 16:59:34-07:00,5,0,댓글이 안써져요,ㅈㄱㄴ
adiaever,2022-09-01 15:03:41-07:00,1,0,선정적인 영상,저질영상이 너무 난무한다.
반쪽남은사과,2022-09-01 10:23:33-07:00,1,0,오래된 순 정렬.,ㅈ같은 짓좀 그만 처 하시고 오래된 순 정렬이나 다시 업뎃 하세요 ㅋㅋ 병1신같이 유튜브를 중국에다 팔아넘겼으니 쓰잘데기 없는 패치만 처 하지
좋은 겜 찾아 떠나요,2022-09-01 09:34:28-07:00,2,0,아이패드 오류,아이패드로 유튜브를 볼때마다 계속 전체화면으로보다가 갑자기 작은화면 사이즈로 전체화면인 상태에서 바뀌는데 버그 수정이 필요한 것 같습니다..
ㅏ아뉴저매ㅜ우넌,2022-09-01 08:28:37-07:00,1,0,참,아주그냥 유튜브 프리미엄 사라고 광고를 아주그냥 어우 참 광고가 두번연속 나오는 것도 모자라 15초짜리 광고가 스킵도 안돼~거기에 15초 짜리 광고가 스킵도 안되고 연속으로 15초광고 스킵 안되는게 한번더 나온다?이건 진짜 선 넘었다 ㄹㅇ
😒😅😒😅😒😅,2022-09-01 07:06:23-07:00,3,0,버그,광고 건너뛰거나 끝나면 화면이 왼쪽 맨 위로 올라가면서 화면이 작아져여 빨리 고쳐주세여
프로 앱등이,2022-09-01 06:24:04-07:00,1,0,팝업띄워서 1점,ㅅㄱ
micha143,2022-09-01 05:24:50-07:00,1,0,광고후 전체회면이 작아는 버그,수정해주세요
아리고구리,2022-09-01 03:03:01-07:00,3,0,재생목록에 넣을때 자동 저장 되는거 좀 개선,재생 목록에 영상 넣을때 디폴트 목록에 저장 클릭하기전에 자동으로 저장되고 .. 뺄려고 클릭했는데 두번 저장되는거 좀 개선 됐으면 ..
아무도 모를 익명,2022-08-31 16:11:03-07:00,4,0,유튜브 쇼츠 댓글창이 안열려요,쇼츠를 보는데 댓글을 보려고 하니까 눌러도 뜨지가 않아요
로열라,2022-08-31 15:55:59-07:00,5,0,굳이 불만은 없어요,덕분에 영상 잘 보고 있어요
ㅊㅈㄱㅇ,2022-08-31 11:14:25-07:00,1,1,숏츠 필요 없다고,개같은 숏츠 필요없다고. 중국인 먹방 필요 없다고 남 춤추는 거 관심 없다고 추천하지 말라고 숏츠는 됐고 동영상 검열이나 해 제발
khl9697,2022-08-31 09:17:39-07:00,1,0,아이폰13미니 쇼츠 댓글 더보기 오류,아이폰13미니 쇼츠 댓글 더보기 누르면 댓글창이 먹통되고 더보기 댓글 안보여요 빨리 해결해주세요
쇼츠칸 불편해요,2022-08-31 09:04:30-07:00,4,0,밑에 메뉴바 쇼츠 불편해요..,"아래 매뉴바에서 홈, 쇼츠, 구독, 보관함에서 쇼츠가 없어졌으면 좋겠어요 잘못 누르면 이상한 영상 나오고 옛날에 있었던 게 더 나은 듯 싶습니다 업데이트도 안했는데 업데이트 되고.. 별로 안하고 싶은 업데이트하시는 이유가 더 편하게 이용하라고 하는건데 왜 점점 불편해지는거죠..ㅜㅜ"
콩퀸,2022-08-31 08:55:25-07:00,5,0,이젠 아예 재생도안됨ㅋㅋ,유튜브보다 재생안되길래 업데이트해야하나 해서 업데이트하고 다시 영상트는데 재생이안되네요!!ㅎㅎ 맨날 버그수정하면서 이딴 건 안 고치는지ㅋㅋㅋ 정말 너무너무 좋은앱이네요!!
Japanese Psycho,2022-08-31 07:05:47-07:00,1,0,이 욕도 아까운 놈들아,돈 주고 영화 구매했더니 이젠 무한로딩이네? 심지어 찾아보니 모바일에서는 문제가 1개월 넘게 지속된 것 같은데 아직도 안 고쳐? 이딴게 니들 장사 심보냐? 역겨운 놈들…
배그가 버그함,2022-08-31 06:27:50-07:00,1,0,개못,업데이트 개같이 못하네
샤랄라니,2022-08-31 06:17:48-07:00,1,0,광고 ㅡ ㅡ,"광고가 너무 많아요 하나만 넣게 해주세요 ㅡ ㅡ
tooooo much ad"
시지푸EMT,2022-08-31 05:58:52-07:00,3,0,아이패드미니 업그레이드 후,전체화면으로보다가 광고 후 화면작아짐
먹방요정,2022-08-31 05:04:37-07:00,1,0,리뷰를 쓰면 뭐하나... 아무것도 안고치고 맨날 반차를 썼다는 소리나 하는데..,숏츠 대댓글 보려고 누르면 화면이 먹통되는 이슈 분명 여러명한테 발생하고 있고 여러번 리뷰했는데 고치지를 않음...
긴슈라고...왜못하게하는데,2022-08-31 02:49:58-07:00,1,0,광고너무많음,"전처럼 시작전 한개면 충분함
오바ㄴㄴ"
늘보가,2022-08-31 00:50:24-07:00,5,0,.,유튜브 매일보고있는데 아이패드로 광고보다가 다시 보면 화면이 작아져서 불편합니다 빨리 고쳐주세요ㅠ
게임제미잇요,2022-08-30 23:35:41-07:00,5,0,🤩🤩🤩🤩🤩🤩,Thanks for YouTube.
슈화아이앙,2022-08-30 23:21:20-07:00,1,0,알람,구독한 계정들 알람 설정을 안해놨는데 왜 알람이 뜨는지.. 심지어 며칠전 영상들이 알람이 와요 귀찮게 .. 이거 안오게 좀 해줘요 개짜증남
무도존잼,2022-08-30 22:10:30-07:00,1,1,아이패드 영상 시청 중 오류문제,"아이패드로 전체화면으로 영상보다가
광고라도나오면 광고가 끝난 후
영상이 작아지면서 검은 화면이 절반 이상을 차지합니다
그러면 전체화면 껐다가 다시 전체화면으로 해야하는데
영상 여러개를 이어보다보니 하루종일 이 짓을 몇번째 하는지 모르겠어요
좀 고쳐주세요 심한 말 나오기 직전이예요"
펜만,2022-08-30 21:59:18-07:00,3,0,영상 작아지는 버그 있는거 아시나요?,"꽤 예전부터 있었던거같은데 앱 업데이트인지 아이패드 업데이트인지 이후로 다시 부활한 것 같습니다..
광고를 보고 난 후 화면이 작아지는 버그입니다.
포털에 검색만 해봐도 알거예요. 빠른 피드백 부탁드립니다.
사용 기종은 아이패드 프로5세대 m1입니다."
알뤼익스프레스,2022-08-30 20:11:52-07:00,3,0,에효,무슨 광고만 30초를 기다립니까..
ㅎㅎㅎㄹㅊ츄,2022-08-30 17:26:09-07:00,1,0,아이패드 실시간 채팅 전체화면 안됨,실시간 방송 전체화면하고 채팅 볼려고 하면 다시 작은화면으로 팅감현상
웅ㅋ̆̈,2022-08-30 14:13:47-07:00,2,0,광고 후 화면이 작아져요,고쳐주세요 다시 깔아도 똑같아요.
applefrut,2022-08-30 10:55:48-07:00,1,0,pip가 갑자기 왜 안되죠?,"프리미엄 사용자인데 pip 가 안됩니다
왜이런거죠?"
zhdn,2022-08-30 07:52:44-07:00,1,0,에어팟을 끼고 시청하면 영상이 잠시 후 멈춤,스피커로 재생응 하다가 에어팟을 끼고 시청하면 영상이 잠시 후 멈춤. 매우 귀찮음. 매우 짜증남
Alsrud9138,2022-08-30 07:19:24-07:00,1,0,업데이트 후 너무 별로에요..,오래된순 최근순 다시 돌려내
금곡체능단,2022-08-30 06:46:14-07:00,5,0,커뮤니티 내놔ㅏㅏㅏㅏ,다른거 버그 뭐 참는데 아이패드 커뮤니티 빨리 보게해줘요ㅛㅛㅛㅛㅛㅛ
데이비디리,2022-08-30 06:09:03-07:00,5,0,최고,유튜브 채널 최고
디디단,2022-08-30 04:09:12-07:00,1,0,씹튜브 롤백 좀여,돈 내고 보라는 의도는 알겠다만 30초짜리 쇼츠에 15초 광고는 진짜 너무하는 거 아니냐? 적당히 좀 팔아라 광고팔이 씹튜브야
섹쉬미야,2022-08-30 03:51:25-07:00,1,0,광고,"광고가 너무많다 
짜증날정도로 많이나옴"
재코치,2022-08-30 01:22:19-07:00,5,0,굿,굿
태기태기77,2022-08-30 01:15:22-07:00,5,0,넘좋음,"리뷰가 필요없는게 화남 더 나쁠수가 없으니
언젠가 우리도 이런 플그램 나올까"
송아지 음메음메,2022-08-30 00:12:19-07:00,2,2,아이패드로 시청할때,"광고 뜨고 난 후 화면이 자꾸 작아집니다,,
업뎃한 뒤로 쭉 이러네요 
오류 수정 좀 해주세요,,,"
유튜브 망해,2022-08-29 20:23:35-07:00,1,0,쇼츠 개선,"쇼츠에서는 계속 똑같은 영상이나 나오고 
그리고 유튜버분 들의 영상 중에 오래된걸 찾으려면 계속 아래로 내려야해요 옛날처럼 오래된 동영상 찾는것도 만들어주고 볼게 없어 알고리즘은 일 ㅈ도 안하고"
유당스,2022-08-29 19:10:53-07:00,5,0,최고의 육아템,엄마 손 대신해서 놀아주고 교육도 시켜주는 육아템
닉을 뭐로 해야할까…,2022-08-29 19:10:39-07:00,4,0,…,댓글이 안써져요ㅠㅠㅠㅠㅠ…
잼다면 잼나다,2022-08-29 19:08:26-07:00,5,0,채널 차단으로 영상 안 보이는 기능 추가 좀 해주세요,쓰레기 같은 짱께랑 베트콩놈들 영상 꼴보기 싫어요^^
둥둥섬라이언,2022-08-29 18:54:49-07:00,5,0,아이폰12 숏츠오류,아이폰 이용중입니다 숏츠 대댓글을 보려고 누르면 댓글은 안보이고 댓글창이 그대로 멈춥니다
온됴,2022-08-29 18:20:20-07:00,1,0,무슨 광고가 ㅋㅋㅋ,이젠 하다하다 2개까지 넣더니 스킵도 없는거네요 차라리 안보겠습니다
hamko_kurdstan,2022-08-29 16:36:08-07:00,5,0,Youtube is best app,I love YouTube for ever and you can make it money only if you tierd
개드립짱짱,2022-08-29 11:31:08-07:00,3,0,유튜버/채널 차단 기능 제 발 만들어주세요 부탁할게요,알고리즘에 너무 많이 뜨는데 보기 싫어요 제 발 만들어주세요 진짜 제발
